doi/PMID,Abtract/Introduction,Journal type,experiment,model,relation ,display_relation,x_name ,x_type ,y_name,y_type,note,expert opinion
35187608,Abtract,Case report + review,in vivo,human,disease_disease,, Canavan disease,disease,leukodystrophy,disease,,
35187608,Abtract,Case report + review,in vivo,human,disease_phenotype_positive,, Canavan disease,disease,macrocephaly,phenotype,,
35187608,Abtract,Case report + review,in vivo,human,disease_phenotype_positive,, Canavan disease,disease,neurologic impairment,phenotype,,
35187608,Abtract,Case report + review,in vivo,human,exposure_disease,,MRI,exposure, Canavan disease,disease,,
35187608,Abtract,Case report + review,in vivo,human,exposure_disease,,MR spectroscopy,exposure, Canavan disease,disease,,
35187608,Abtract,Case report + review,in vivo,human,pathology_anatomy_present,,Diffuse hyperechogenicity ,pathology,white matter,anatomy,,
35187608,Abtract,Case report + review,in vivo,human,pathology_anatomy_present,,inverted echogenicity,pathology,cortical gray,anatomy,,
35187608,Abtract,Case report + review,in vivo,human,pathology_anatomy_present,,inverted echogenicity,pathology,subcortical white matter,anatomy,,
35187608,Abtract,Case report + review,in vivo,human,exposure_disease,,ultrasound,exposure, Canavan disease,disease,ultrasound - cerebral sonography ,
35187608,Abtract,Case report + review,in vivo,human,exposure_exposure,,MRI,exposure,ultrasound,exposure,,
35637731,Abtract,Article,in vitro,both,disease_protein,,Canavan disease,disease,ASPA,protein/gene,,
35637731,Abtract,Article,in vivo,human,exposure_molfunc,,ASPA-CD NPCs,exposure,ASPA enzymatic activity,molecular_function,,
35637731,Abtract,Article,in vivo,mice,exposure_molfunc,,ASPA-CD NPCs,exposure,ASPA activity,molecular_function,,
35637731,Abtract,Article,in vivo,mice,exposure_phenotype,,ASPA-CD NPCs,exposure,elevated NAA level ,phenotype,,
35637731,Abtract,Article,in vivo,mice,exposure_phenotype,,ASPA-CD NPCs,exposure,spongy degeneration,phenotype,,
35637731,Abtract,Article,in vivo,mice,exposure_phenotype,,ASPA-CD NPCs,exposure,myelination defects ,phenotype,,
35637731,Abtract,Article,in vivo,mice,exposure_phenotype,,ASPA-CD NPCs,exposure,motor function impairment,phenotype,,
35637731,Abtract,Article,in vivo,mice,exposure_phenotype,,ASPA-CD NPCs,exposure,CSF NAA level,phenotype,reduced the abnormally elevated level of NAA in both brain tissues and cerebrospinal fluid (CSF),
35929936,Abtract,Case report,in vivo,human,disease_phenotype_positive,, Canavan disease,disease,ASPA,protein/gene,,
35929936,Abtract,Case report,in vitro,human,disease_protein,, Canavan disease,disease,c.187A>G (p.Arg63Gly),protein/gene,,
35929936,Abtract,Case report,in vitro,human,disease_protein,, Canavan disease,disease,c.634+1G>A (p.?),protein/gene,,
35929936,Abtract,Case report,in vivo,human,disease_phenotype_positive,, Canavan disease,disease,elevated NAA level ,phenotype,,
35929936,Abtract,Case report,in vivo,human,disease_phenotype_positive,, Canavan disease,disease,hypotonia,phenotype,,
35929936,Abtract,Case report,in vivo,human,disease_phenotype_positive,, Canavan disease,disease,drowsiness,phenotype,,
35929936,Abtract,Case report,in vivo,human,disease_phenotype_positive,, Canavan disease,disease,apathy,phenotype,,
35929936,Abtract,Case report,in vivo,human,disease_phenotype_positive,, Canavan disease,disease,abnormal myelination,phenotype,,
35929936,Abtract,Case report,in vivo,human,exposure_disease,,Whole exome sequencing (WES),exposure, Canavan disease,disease,,
35929936,Abtract,Case report,in vivo,human,exposure_disease,,Chorionic villi sampling (CVS),exposure, Canavan disease,disease,,
36202930,Abtract,Article,in vitro,human,disease_protein,,Mild/juvenile Canavan disease (M/JCD),disease,c.526G>A,protein/gene,,
36202930,Abtract,Article,in vitro,human,phenotype_protein,,non-classical splicing defect,phenotype,c.526G>A,protein/gene,,
36202930,Abtract,Article,in vivo,human,disease_phenotype_positive,,Mild/juvenile Canavan disease (M/JCD),disease,neurodegenerative disorder,phenotype,,
36202930,Abtract,Article,in vivo,human,disease_phenotype_positive,,Mild/juvenile Canavan disease (M/JCD),disease,reduced fitness,phenotype,,
36202930,Abtract,Article,in vitro,human,exposure_disease,,Genotyping array,exposure,Mild/juvenile Canavan disease (M/JCD),disease,,
36202930,Abtract,Article,in vivo,human,exposure_disease,,carrier screening programs,exposure,Mild/juvenile Canavan disease (M/JCD),disease,,
37597066,Abtract,Article,"in vivo, in vitro",human,disease_phenotype_positive,, Canavan disease,disease,amino and organic acid,phenotype,disorder,
37601414,Abtract,Article,in vivo,human,disease_disease,,leukodystrophy,disease, Canavan disease,disease,,
37601414,Abtract,Article,in vivo,human,disease_protein,mutation, Canavan disease,disease,ASPA,protein/gene,,
37601414,Abtract,Article,in vivo,human,drug_protein,target,rAAV9-CB6-ASPA,drug,ASPA,protein/gene,,
37601414,Abtract,Article,in vivo,human,drug_effect,,rAAV9-CB6-ASPA,drug,white matter myelination,phenotype,increased,
37601414,Abtract,Article,in vivo,human,drug_effect,,rAAV9-CB6-ASPA,drug,NAA,protein/gene,"reduced, NAA: acid amin",
37601414,Abtract,Article,in vivo,human,drug_effect,,rAAV9-CB6-ASPA,drug,motor function,phenotype,improved,
37610133,Abtract,Article,"in vivo, in vitro",mice,disease_disease,,leukodystrophy,disease, Canavan disease,disease,author manuscript,
37610133,Abtract,Article,"in vivo, in vitro",mice,disease_protein,mutation, Canavan disease,disease,ASPA,protein/gene,,
37610133,Abtract,Article,"in vivo, in vitro",mice,disease_phenotype_positive,, Canavan disease,disease,progressive cognitive and motor,phenotype,delay,
37610133,Abtract,Article,"in vivo, in vitro",mice,disease_phenotype_positive,, Canavan disease,disease,cytotoxic edema,phenotype,,
37610133,Abtract,Article,"in vivo, in vitro",mice,disease_phenotype_positive,, Canavan disease,disease,astroglial vacuolation,phenotype,,
37610133,Abtract,Article,"in vivo, in vitro",mice,disease_phenotype_positive,, Canavan disease,disease,prominent spongiform brain degeneration,phenotype,,
37610133,Abtract,Article,"in vivo, in vitro",mice,drug_protein,target,antisense oligonucleotide (ASO),drug,Nat8l (N-acetyltransferase-8-like),protein/gene,,
37610133,Abtract,Article,"in vivo, in vitro",mice,drug_effect,,antisense oligonucleotide (ASO),drug,Bergmann glia (BG),phenotype,improved,
37610133,Abtract,Article,"in vivo, in vitro",mice,drug_effect,,antisense oligonucleotide (ASO),drug,ataxia,phenotype,,
37610133,Abtract,Article,"in vivo, in vitro",mice,drug_effect,,antisense oligonucleotide (ASO),drug,PC atrophy ,phenotype,,
37610133,Abtract,Article,"in vivo, in vitro",mice,drug_effect,,antisense oligonucleotide (ASO),drug,NAA,protein/gene,"reduced, NAA: acid amin",
37867939,Abtract,article,ex vivo,, anatomy_disease,,brain,anatomy,Myelin disorders,disease,,
37867939,Abtract,article,ex vivo,,anatomy_protein_present,,myelin sheaths,anatomy,N-acetyl-aspartate (NAA),protein/gene,high-level NAA is sufficient to induce toxicity on myelin sheaths.,
37867939,Introduction,article,ex vivo,,,,Myelin,protein/gene,oligodendrocyte,,y_type: cell ,
38011891,Abtract,article,in vivo,,disease_protein,, Canavan disease,disease,Aspa,protein/gene,,
38011891,Abtract,article,in vivo,,disease_phenotype_positive,,Leukodystrophy,disease, Canavan disease,phenotype,,
38011891,Abtract,article,in vivo,,phenotype_protein,,Spongiform myelin,phenotype,N-acetylaspartate (NAA),protein/gene,,
38011891,Abtract,article,in vivo,,protein_protein,,N-acetylaspartylglutamate (NAAG),protein/gene,N-acetylaspartate (NAA),protein/gene,bố-con,
38011891,Abtract,article,in vivo,,protein_protein,,N-acetylaspartylglutamate (NAAG),protein/gene,Glutamate carboxypeptidases ,protein/gene,,
38011891,Abtract,article,in vivo,, bioprocess_protein,,Astrogliosis,biological_process,Rimkla,protein/gene,,
38011891,Abtract,article,in vivo,, bioprocess_protein,,Astrogliosis,biological_process,Rimklb,protein/gene,,
38011891,Introduction,article,in vivo,,protein_protein,,Glutamate carboxypeptidases ,protein/gene,Glutamate carboxypeptidases II ( GCPII) ,protein/gene,,
38011891,Introduction,article,in vivo,,protein_protein,,N-acetylaspartylglutamate (NAAG),protein/gene,Glutamate carboxypeptidases II ( GCPII) ,protein/gene,,
38260594,Abtract,article,,,bioprocess_protein,,HIF1a-glycolysis,biological_process, IFN-γ ,protein/gene,,
38260594,Abtract,article,,,protein_protein,,VHL deletion (VHL–/– 32 ) ,protein/gene, IFN-γ ,protein/gene,,
38260594,Abtract,article,,,bioprocess_protein,,HIF1α,protein/gene,activation-induced cell death,biological_process,,
38260594,Abtract,article,,,,,glycerol triacetate (GTA),drug, Canavan disease,disease,drug_disease??,
38282243,Abtract,article,in vivo,,disease_phenotype_positive,, Canavan disease,disease,astroglial  vacuolation,phenotype,,
38282243,Abtract,article,in vivo,,disease_phenotype_positive,, Canavan disease,disease,intramyelinic vacuolation,phenotype,,
38282243,Abtract,article,in vivo,,,,,,,,,
38282243,Abtract,article,in vivo,,,,NaDC3 (Sodium-dependent dicarboxylate transporter 3),,N-acetyl-L-aspartic acid (NAA),protein/gene,"Astroglia express NaDC3 (encoded by SLC13A3), a sodium-coupled transporter for NAA and other dicarboxylates",
38282243,Abtract,article,in vivo,,protein_protein,,NaDC3 (Sodium-dependent dicarboxylate transporter 3),protein/gene,SLC13A3,protein/gene,,
38282243,Abtract,article,in vivo,,,,Astroglia,,NaDC3 (Sodium-dependent dicarboxylate transporter 3),protein/gene,x_type: cell,
38282243,Abtract,article,in vivo,,disease_phenotype_positive,,Leukodystrophy,disease, Canavan disease,disease,,
38309148,Abtract,article,in vitro,,disease_disease,,neurodegenerative disorder,disease, Canavan disease,disease,,
38309148,Abtract,article,in vitro,,disease_protein,, Canavan disease,disease,ASPA gene,protein/gene,,
38309148,Abtract,article,in vitro,,disease_protein,, Canavan disease,disease,c.556_559dupGTTC mutation (ASPA),protein/gene,,
38309148,Abtract,article,in vitro,,disease_protein,, Canavan disease,disease,c.919delA mutation (ASPA),protein/gene,,
38311564,Abtract,article,in vivo,,disease_protein,, Canavan disease,disease,ASPA gene,protein/gene,,
38311564,Abtract,article,in vivo,,protein_protein,,ASPA gene,protein/gene,c.556_559dupGTTC (p. L187Rfs*5),protein/gene,,
38311564,,,in vivo,,protein_protein,,ASPA gene,protein/gene,c.919delA (p.S307Vfs*24),protein/gene,,
38311564,Abtract,article,in vivo,,disease_protein,,(PVS1+PM2_Supporting+PM3),disease,c.556_559dupGTTC (p. L187Rfs*5),protein/gene,,
38311564,Abtract,article,in vivo,,disease_protein,,(PVS1+PM2_Supporting+PM3),disease,c.919delA (p.S307Vfs*24),protein/gene,,
38538326,Abtract,article,in vivo,,disease_protein,, Canavan disease,disease,ASPA gene,protein/gene,,
38538326,Abtract,article,in vivo,,disease_phenotype_positive,, Canavan disease,disease,vacuolation,phenotype,,
38538326,Abtract,article,in vivo,,disease_phenotype_positive,, Canavan disease,disease,vacuolation,phenotype,,
38538326,Abtract,article,in vivo,,disease_phenotype_positive,, Canavan disease,disease,hypomyelination,phenotype,,
38538326,Abtract,article,in vivo,,disease_phenotype_positive,, Canavan disease,disease,swollen axons,phenotype,,
39128657,Abtract,article,,,disease_protein,,Canavan disease,disease,ASPA gene,protein/gene,,
39128657,Abtract,article,,,protein_protein,,ASPA ,protein/gene,E285A enzyme,protein/gene,experiment: in silico????,
39128657,Abtract,article,,,protein_protein,,Glutathione,protein/gene,E285A enzyme,protein/gene,,
39128657,Abtract,article,,,protein_protein,,NAAG,protein/gene,E285A enzyme,protein/gene,,
39128657,Abtract,article,,,protein_protein,,Patulin,protein/gene,E285A enzyme,protein/gene,,
40298596,Abtract,case report,,,disease_phenotype_positive,, Canavan disease,disease,progressive macrocephaly,phenotype,,
40298596,Abtract,case report,,,disease_phenotype_positive,, Canavan disease,disease,axial hypotonia,phenotype,,
40298596,Abtract,case report,,,disease_phenotype_positive,, Canavan disease,disease,developmental delay,phenotype,,
40298596,Abtract,case report,,,disease_phenotype_positive,, Canavan disease,disease,limb stiffness,phenotype,,
40298596,Abtract,case report,,,disease_phenotype_positive,, Canavan disease,disease,increased N-acetylaspartate (NAA) peak,phenotype,,
40298596,Abtract,case report,,,pathology_anatomy_present,,dilated perivascular spaces,pathology,parietal white matter,anatomy,,
40298596,Abtract,case report,,,pathology_anatomy_present,,dilated perivascular spaces,pathology,bifrontal regions,anatomy,,
40298596,Abtract,case report,,,phenotype_anatomy_present,,increased N-acetylaspartate (NAA) peak,phenotype,anterior right frontal white matter,anatomy,,
40656657,Abtract,case report,,,disease_phenotype_positive,, Canavan disease,disease,intention tremor,phenotype,,
40656657,Abtract,case report,,,disease_phenotype_positive,, Canavan disease,disease,fine motor,phenotype,,
40954385,Abtract,article,,,drug_protein,, PPAR-β/δ ,protein/gene,GW0742,protein/gene,,
34446995,Abtract,Article,in vivo,human,disease_disease,,leukodystrophy,disease,Canavan disease,disease,,
34446995,Abtract,Article,in vivo,human,disease_phenotype_positive,, Canavan disease,disease, Visual Impairment ,phenotype,,
34446995,Abtract,Article,in vivo,human,disease_phenotype_positive,, Canavan disease,disease,pyramidal signs,phenotype,,
34446995,Abtract,Article,in vivo,human,disease_phenotype_positive,, Canavan disease,disease,seizures,phenotype,,
34446995,Abtract,Article,in vivo,human,disease_phenotype_positive,, Canavan disease,disease,microcephaly,phenotype,,
34446995,Abtract,Article,in vivo,human,disease_protein,, Canavan disease,disease,ASPA gene,protein/gene,,
34446995,Abtract,Article,in vivo,human,disease_phenotype_positive,, Canavan disease,disease,NAA ,phenotype,Increase ,
34477360,Abtract,Article,in vivo,,disease_protein,, Canavan disease,disease,ASPA gene,protein/gene,,
34477360,Abtract,Article,in vivo,,disease_phenotype_positive,, Canavan disease,disease,NAA ,phenotype,increase ,
34477360,Abtract,Article,in vivo,,disease_phenotype_positive,, Canavan disease,disease,Lethargy ,phenotype,,
34477360,Abtract,Article,in vivo,,disease_phenotype_positive,, Canavan disease,disease,hypotonia ,phenotype,,
34477360,Abtract,Article,in vivo,,disease_phenotype_positive,, Canavan disease,disease,macrocephaly,phenotype,,
34477360,Abtract,Article,in vivo,,disease_phenotype_positive,, Canavan disease,,"	
spasticity",,,
34477360,Abtract,Article,in vivo,,disease_phenotype_positive,, Canavan disease,,hyperreflexia,,,
34477360,Abtract,Article,in vitro,,disease_protein,, Canavan disease,,NAT8L,protein/gene,,
34477360,Abtract,Article,in vitro,,drug_protein,,Carbobenzyloxy-L-aspartic acid ,drug,ANAT ,protein/gene,,
34477360,Abtract,Article,in vitro,,drug_protein,,oligonucleotide against Nat8l,drug,ANAT ,protein/gene,,
34498299,Abtract,Article,,,disease_protein,, Canavan disease,disease,ASPA gene,protein/gene,,
34498299,Abtract,Article,,,disease_disease,,vacuolar leukodystrophy,disease,CANAVAN disease,disease,,
34498299,Abtract,Article,,,disease_phenotype_positive,, Canavan disease,,N-acetyl-l-aspartate,phenotype,excessive brain storage of N-acetyl-l-aspartate,
34498299,Abtract,Article,,,disease_phenotype_positive,, Canavan disease,disease,"	
ataxia",phenotype,,
34498299,Abtract,Article,,,,, Canavan disease,disease,hypotonia,phenotype,,
34498299,Abtract,Article,,,pathology_anatomy_present,,"""spongiform” vacuoles",pathology,myelin ,anatomy,,
34723085,Abtract,Case report,in vivo,human,disease_disease,,leukodystropy ,disease,Canavan disease,disease,,
34723085,Abtract,Case report,in vivo,human,disease_phenotype_positive,, Canavan disease,disease,"
macrocephaly",phenotype,,
34723085,Abtract,Case report,in vivo,human,disease_phenotype_positive,, Canavan disease,disease,neurologic impairment,phenotype,,
34723085,Abtract,Case report,in vivo,human,disease_phenotype_positive,, Canavan disease,,supratentorial white matter ,phenotype,,
36568275,"Introduction (last paragraph), Abtract",Article,"in vivo, in vitro",mice, bioprocess_protein,,NAA,protein/gene,NATL8,protein/gene,synthesizing,
36568275,"Abtract, Introduction (last paragraph)",Article,"in vivo, in vitro",mice,disease_disease,, Canavan disease,disease,leukodystrophy,disease,,
36568275,"Abtract, Introduction (last paragraph)",Article,"in vivo, in vitro",mice,disease_protein,, Canavan disease,disease,ASPA,protein/gene,,
36568275,"Abtract, Introduction (last paragraph)",Article,"in vivo, in vitro",mice,drug_effect,,dual-function vector,exposure,NNA,biological_process,elevated levels,
36568275,"Abtract, Introduction (last paragraph)",Article,"in vivo, in vitro",mice,drug_effect,,dual-function vector,exposure,body weight,phenotype,loss,
36568275,"Abtract, Introduction (last paragraph)",Article,"in vivo, in vitro",mice,drug_effect,,dual-function vector,exposure,Locomotor,phenotype,impairments,
36568275,"Abtract, Introduction (last paragraph)",Article,"in vivo, in vitro",mice,drug_effect,,dual-function vector,exposure,astrogliosis,phenotype,,
36568275,"Abtract, Introduction (last paragraph)",Article,"in vivo, in vitro",mice,drug_effect,,dual-function vector,exposure,demyelination,phenotype,,
36968992,"Abtract, Introduction (last paragraph)",Case report,in vivo,human,disease_phenotype_positive,, Canavan disease,disease,NNA,protein/gene,accumulation,
36968992,"Abtract, Introduction (last paragraph)",Case report,in vivo,human,disease_disease,,leukodystrophy,disease,Canavan disease,disease,,
36968992,"Abtract, Introduction (last paragraph)",Case report,in vivo,human,disease_phenotype_positive,,canavan disease ,disease,seizures,phenotype,frequent intractable,
36968992,"Abtract, Introduction (last paragraph)",Case report,in vivo,human,disease_phenotype_positive,,canavan disease ,disease,visual ,phenotype, impairment,
36968992,"Abtract, Introduction (last paragraph)",Case report,in vivo,human,indication,,clobazam,drug,Canavan disease,disease,,
36968992,"Abtract, Introduction (last paragraph)",Case report,in vivo,human,indication,,primidone,drug,Canavan disease,disease,,
37149081,Abtract,Article,,,disease_disease,,leukodystrophy,disease,Canavan disease,disease,,
37149081,Abtract,Article,,,disease_disease,,canavan disease  ,disease,demyelinaing,disease,,
37149081,Abtract,Article,,,disease_protein,,canavan disease  ,disease,ASPA,protein/gene,,
37149081,Abtract,Article,,,disease_phenotype_positive,, Canavan disease,disease,myelin,phenotype,loss,
37149081,Abtract,Article,,,disease_phenotype_positive,, Canavan disease,disease,neuronal,phenotype,,
37149081,Abtract,Article,,,disease_phenotype_positive,, Canavan disease,disease,large vacuole,phenotype,formation in the CNS,
37149081,Abtract,Article,,,disease_phenotype_positive,, Canavan disease,disease,death,phenotype,early in childhood,
37271923,Abtract,Article,,,disease_disease,, Canavan disease,disease,demyelinaing,disease,,
37271923,Abtract,Article,,,disease_protein,, Canavan disease,disease,ASPA,protein/gene,,
37271923,Abtract,Article,,,disease_phenotype_positive,, Canavan disease,disease,demylination,phenotype,,
37271923,Abtract,Article,,,disease_phenotype_positive,, Canavan disease,disease,vacuolation,phenotype,,
37271923,Abtract,Article,,,exposure_disease,,OPC,exposure,canavan disease,disease,,
37271923,Abtract,Article,,,drug_effect,,OPC,exposure,NAA,amino acid,reduced level,
37271923,Abtract,Article,,,drug_effect,,OPC,exposure,myelination,phenotype,defective,
37271923,Abtract,Article,,,drug_effect,,OPC,exposure,motor function,phenotype,deficits,
38544400,Abtract,Case report,in vivo,human,disease_disease,,spongiform leukodystrophy,disease,Canavan disease,disease,,
38544400,Introduction (last paragraph),Case report,in vivo,human,disease_disease,,spongy leukodystrophy,disease,Canavan disease,disease,,
38544400,Introduction (last paragraph),Case report,in vivo,human, anatomy_disease,,WM,anatomy,Canavan disease,disease,,
38544400,Introduction (last paragraph),Case report,in vivo,human, anatomy_disease,,subcortical U fibers,anatomy,Canavan disease,disease,,
38544400,Introduction (last paragraph),Case report,in vivo,human,disease_protein,mutation,Canavan disease,disease,ASPA,protein/gene,,
38718669,Abtract,Case report,in vivo,human,disease_protein,,Canavan disease,disease,NAA,amino acid,,
38718669,Abtract,Case report,in vivo,human,disease_protein,mutation,Canavan disease,disease,ASPA,protein/gene,,
38718669,Introduction (last paragraph),Case report,in vivo,mice,indication,,adeno-associated vectors (AAV2),drug,Canavan disease,disease,,
38718669,Introduction (last paragraph),Case report,in vivo,mice,drug_protein,,adeno-associated vectors (AAV2),drug,NAA,amino acid,,
38718669,Introduction (last paragraph),Case report,in vivo,mice,indication,,adeno-associated vectors (AAV2),drug,brain atrophy,phenotype,,
38718669,Introduction (last paragraph),Case report,in vivo,mice,indication,,AAV9,drug,Canavan disease,disease,,
38880823,Abtract,Article,in vivo,human,disease_protein,enzyme,Canavan disease,disease,aspartoacylase A,protein/gene,,
38880823,Abtract,Article,in vivo,human,disease_protein,,Canavan disease,disease,NAA,amino acid,,
38880823,Abtract,Article,in vivo,human, anatomy_disease,,white matter,anatomy,Canavan disease,disease,,
38880823,Abtract,Article,in vivo,human, anatomy_disease,,globus pallidus,anatomy,Canavan disease,disease,,
38880823,Abtract,Article,in vivo,human, anatomy_disease,,putamen,anatomy,Canavan disease,disease,,
38880823,Abtract,Article,in vivo,human, anatomy_disease,,caudate,anatomy,Canavan disease,disease,,
38880823,Abtract,Article,in vivo,human, anatomy_disease,,claustrum,anatomy,Canavan disease,disease,,
38880823,Abtract,Article,in vivo,human, anatomy_disease,,lateral thalamus,anatomy,Canavan disease,disease,,
38880823,Abtract,Article,in vivo,human, anatomy_disease,,pulvinar,anatomy,Canavan disease,disease,,
38880823,Abtract,Article,in vivo,human, anatomy_disease,,internal capsules,anatomy,Canavan disease,disease,,
38880823,Abtract,Article,in vivo,human, anatomy_disease,,corpus callosum,anatomy,Canavan disease,disease,,
38880823,Abtract,Article,in vivo,human,disease_phenotype_positive,,Canavan disease,disease,cystic formation,phenotype,,
38880823,Abtract,Article,in vivo,human, anatomy_disease,,areas of ongoing myelination,anatomy,Canavan disease,disease,,
39119446,Abtract,Case report,in vivo,human,disease_protein,,Canavan disease,disease,Aspartoacylase,protein/gene,enzym,
39119446,Abtract,Case report,in vivo,human,disease_protein,mutation,Canavan disease,disease,ASPA,protein/gene,,
39119446,Abtract,Case report,in vivo,human,disease_phenotype_positive,,Canavan disease,disease,hypotonia,phenotype,,
39119446,Abtract,Case report,in vivo,human,disease_phenotype_positive,,Canavan disease,disease,macrocephaly,phenotype,,
39119446,Abtract,Case report,in vivo,human,disease_phenotype_positive,,Canavan disease,disease,deafness,phenotype,,
39119446,Abtract,Case report,in vivo,human,disease_phenotype_positive,,Canavan disease,disease,nystagmus,phenotype,,
39119446,Abtract,Case report,in vivo,human,disease_phenotype_positive,,Canavan disease,disease,blindness,phenotype,,
39119446,Abtract,Case report,in vivo,human,disease_phenotype_positive,,Canavan disease,disease,brain atrophy,phenotype,,
39119446,Introduction (last paragraph),Case report,in vivo,human,disease_disease,,leukodystrophy,disease,Canavan disease,disease,,
39119446,Abtract,Case report,in vivo,human,disease_protein,,Canavan disease,disease,N-acetyl ASPArtic acid (NAA),amino acid,,
39119446,Abtract,Case report,in vivo,human,disease_protein,,Canavan disease,disease,acetyl-CoA,protein/gene,chất chuyển hóa,
39119446,Abtract,Case report,in vivo,human,disease_phenotype_positive,,Canavan disease,disease,oligodendrocyte-axon interface,phenotype,,
39119446,Abtract,Case report,in vivo,human,disease_phenotype_positive,,Canavan disease,disease,intramyelinic vacuoles,phenotype,,
39119446,Abtract,Case report,in vivo,human,disease_phenotype_positive,,Canavan disease,disease,edema,phenotype,,
39119446,Abtract,Case report,in vivo,human,disease_phenotype_positive,,Canavan disease,disease,demyelination,phenotype,,
39119446,Introduction (last paragraph),Case report,in vivo,human,disease_disease,,Van Bogaert-Bertrand disease,disease,Canavan disease,disease,,
39119446,Introduction (last paragraph),Case report,in vivo,human,disease_phenotype_positive,,Canavan disease,disease,delayed closure of the anterior fontanel,phenotype,,
39119446,Introduction (last paragraph),Case report,in vivo,human,disease_phenotype_positive,,Canavan disease,disease,optic atrophy,phenotype,,
39119446,Introduction (last paragraph),Case report,in vivo,human,disease_phenotype_positive,,Canavan disease,disease,spasticity,phenotype,,
39119446,Introduction (last paragraph),Case report,in vivo,human,disease_phenotype_positive,,Canavan disease,disease,seizures,phenotype,,
39119446,Introduction (last paragraph),Case report,in vivo,human,disease_phenotype_positive,,Canavan disease,disease,opisthotonus,phenotype,,
39119446,Introduction (last paragraph),Case report,in vivo,human,disease_phenotype_positive,,Canavan disease,disease,cerebral delayed posture,phenotype,,
39119446,Introduction (last paragraph),Case report,in vivo,human,disease_phenotype_positive,,Canavan disease,disease,decortication,phenotype,,
39119446,Introduction (last paragraph),Case report,in vivo,human, anatomy_disease,,subcortical white matter,anatomy,Canavan disease,disease,,
39119446,Introduction (last paragraph),Case report,in vivo,human, anatomy_disease,,posterior fossa,anatomy,Canavan disease,disease,,
39119446,Introduction (last paragraph),Case report,in vivo,human, anatomy_disease,,corpus callosum genus,anatomy,Canavan disease,disease,,
39119446,Introduction (last paragraph),Case report,in vivo,human, anatomy_disease,,capsule,anatomy,Canavan disease,disease,,
39128657,Abtract,Article,in vivo,human,disease_protein,mutation,Canavan disease,disease,ASPA,protein/gene,,
39128657,Abtract,Article,in vivo,human,disease_protein,mutation,Canavan disease,disease,aspartoacylase A,protein/gene,,
39128657,Abtract,Article,in vivo,human,disease_phenotype_positive,mutation,Canavan disease,disease,E285A,protein/gene,,
39128657,Introduction (last paragraph),Article,in vivo,human,indication,,pharmacological chaperones,drug,Canavan disease,disease,,
39128657,Introduction (last paragraph),Article,in vivo,human,indication,,enzyme enhancement,drug,Canavan disease,disease,,
39524158,Abtract,Case report,in vivo,human, anatomy_disease,,white matter,anatomy,Canavan disease,disease,,
39524158,Abtract,Case report,in vivo,human,disease_protein,,Canavan syndrome,disease,Aspartoacylase,protein/gene,,
39524158,Abtract,Case report,in vivo,human,disease_protein,,Canavan syndrome,disease,N-acetyl-L-aspartic acid,amino acid,,
39524158,Abtract,Case report,in vivo,human,disease_phenotype_positive,,Canavan syndrome,disease,motor impairment,phenotype,,
39524158,Abtract,Case report,in vivo,human,disease_phenotype_positive,,Canavan syndrome,disease,muscle tone abnormalities,phenotype,,
39524158,Abtract,Case report,in vivo,human,disease_phenotype_positive,,Canavan syndrome,disease,developmental delays,disease,,
39524158,Abtract,Case report,in vivo,human,indication,,REAC RGN-N treatment,drug,Canavan syndrome,biological_process,,
39524158,Introduction (last paragraph),Case report,in vivo,human,drug_bioprocess,,REAC - BENE mod 110,drug,bioelectrical activity,disease,,
39628365,Abtract,Article,in vivo,human,disease_disease,,leukodystrophy,disease,Canavan disease,disease,,
39628365,Abtract,Article,in vivo,human,disease_protein,,Canavan disease,disease,ASPA,protein/gene,,
39628365,Abtract,Article,in vivo,human,disease_phenotype_positive,,Canavan disease,disease,N-acetylaspartate (NAA),phenotype,,
39628365,Abtract,Article,in vivo,human,disease_phenotype_positive,,Canavan disease,disease,psychomotor deficits,phenotype,,
39628365,Abtract,Article,in vivo,human,disease_phenotype_negative,,Canavan disease,disease,motor milestones,phenotype,,
39628365,Abtract,Article,in vivo,human,phenotype_protein,,mild CD,phenotype,R71H,protein/gene,,
39628365,Abtract,Article,in vivo,human,phenotype_protein,,typical CD,phenotype,Y288C,protein/gene,,
39628365,Abtract,Article,in vivo,human,phenotype_protein,,mild CD,phenotype,Y288C,protein/gene,,
39628365,Abtract,Article,in vivo,human,protein_protein,enzyme,ASPA,protein/gene,NAA,protein/gene,,
38740822,Abtract,Article,in vivo,human,disease_protein,,Canavan disease,disease,ASPA,protein/gene,,
38740822,Abtract,Article,in vivo,human,disease_disease,,lethal neurological disorder,disease,Canavan disease,disease,,
38740822,Abtract,Article,in vivo,human,bioprocess_protein,,ubiquitin-proteasome pathway,biological_process,ASPA,protein/gene,,
38740822,Abtract,Article,in vivo,human,phenotype_protein,,toxic,phenotype,ASPA,protein/gene,,
38740822,Abtract,Article,in vivo,human,disease_protein,,Canavan disease,disease,ASPA,protein/gene,,
38740822,Introduction (last paragraph),Article,in vivo,human,bioprocess_protein,,PQC-linked degradation,biological_process,ASPA C152W,protein/gene,,
38740822,Introduction (last paragraph),Article,in vivo,human,bioprocess_protein,,PQC degradation,biological_process,ASPA,protein/gene,,
38740822,Introduction (last paragraph),Article,in vivo,human,phenotype_protein,,toxic,phenotype,ASPA,protein/gene,,
38740822,Introduction (last paragraph),Article,in vivo,human,disease_phenotype_positive,,Canavan disease,disease,ASPA,protein/gene,,
38822362,Abtract,Article,in vivo,human,disease_protein,,Canavan disease,disease,CRNDE,protein/gene,,
39587614,Abtract,Article,in vivo,human,disease_protein,associated with,Canavan disease,disease,NAA,protein/gene,,
34446995,other part,Article,in vivo,human,drug_effect,,Lithium citrate,drug,NAA,amino acid,lithium citrate that decreases central nervous system NAA levels,
34446995,other part,Article,in vivo,human,drug_effect,,Glyceryl triacetate,GRAS/Excipient/prodrug, acetate donor,biological_process,glyceryl triacetate as an acetate donor...have been attempted with variable success.,
34446995,other part,Article,in vivo,human,drug_effect,,Triheptanoin,drug,energy substrate,biological_process, triheptanoin as an energy substrate...have been attempted with variable success.,
34446995,other part,Article,in vivo,human,drug_effect,,Lipoic acid,drug, antioxidant,biological_process,lipoic acid as an antioxidant...have been attempted with variable success.,
34446995,other part,Article,in vivo,human,drug_effect,,neural stem cell,Cell therapy,Canavan disease,disease,use of neural stem cell ...have been attempted with variable success.,
34446995,other part,Article,in vivo,human,drug_effect,,recombinant adeno‑associated virus,Gene therapy,Canavan disease,disease,gene therapy using recombinant adeno‑associated virus...have been attempted with variable success.,
38582917,other part,Review,in vivo,human,drug_effect,,Topiramate,drug,Canavan disease,disease,"The anti-epileptic drug topiramate was also reported to slow head growth in two CD patients, though the mechanisms remain poorly understood [253]",