No.,Filename,DOI/PMID,ABSTRACT,JOURNAL TYPE ,EXPERIMENT,MODEL,RELATION,DISPLAY_RELATION,X_NAME,X_TYPE,Y_NAME,Y_TYPE,NOTE,EXPERT OPINION
,2_41267078.pdf,10.1186/s13023-025-04030-6,Abstract,original article,in vivo,human,disease_disease,,GM2 gangliosidoses,disease,Tay-sachs disease,disease,GM2 includes Tay–Sachs,
,2_41267078.pdf,10.1186/s13023-025-04030-6,Abstract,original article,in vivo,human,disease_disease,,GM2 gangliosidoses,disease,Sandhoff disease,disease,GM2 includes Sandhoff,
,2_41267078.pdf,10.1186/s13023-025-04030-6,Abstract,original article,in vivo,human,disease_phenotype_positive,has_phenotype,GM1 gangliosidoses,disease,progressive neurodegeneration,phenotype,,
,2_41267078.pdf,10.1186/s13023-025-04030-6,Abstract,original article,in vivo,human,disease_phenotype_positive,has_phenotype,GM2 gangliosidoses,disease,progressive neurodegeneration,phenotype,,
,2_41267078.pdf,10.1186/s13023-025-04030-6,Abstract,original article,in vivo,human,disease_phenotype_positive,has_phenotype,GM2 gangliosidoses,disease,speech difficulties,phenotype,reported by caregivers,
,2_41267078.pdf,10.1186/s13023-025-04030-6,Abstract,original article,in vivo,human,disease_phenotype_positive,has_phenotype,GM2 gangliosidoses,disease,mobility impairment,phenotype,reported by caregivers,
,2_41267078.pdf,10.1186/s13023-025-04030-6,Abstract,original article,in vivo,human,disease_phenotype_positive,has_phenotype,GM1 gangliosidoses,disease,speech difficulties,phenotype,reported by caregivers,
,2_41267078.pdf,10.1186/s13023-025-04030-6,Abstract,original article,in vivo,human,disease_phenotype_positive,has_phenotype,GM1 gangliosidoses,disease,mobility impairment,phenotype,reported by caregivers,
,3_34119419.pdf,10.1016/j.ymgme.2021.05.001,Abstract,original article,in vivo,animal(wild boar),disease_disease,,GM2 gangliosidoses,disease,Tay-Sachs disease,disease,Tay-Sachs is a form of GM2,
,3_34119419.pdf,10.1016/j.ymgme.2021.05.001,Abstract,original article,in vivo,animal(wild boar),disease_disease,,Lysosomal storage disorders,disease,GM2 gangliosidoses,disease,,
,3_34119419.pdf,10.1016/j.ymgme.2021.05.001,Abstract,original article,in vivo,animal(wild boar),anatomy_disease,,GM2 gangliosidoses,disease,central nervous system neurons,anatomy,,
,3_34119419.pdf,10.1016/j.ymgme.2021.05.001,Abstract,original article,in vivo,animal(wild boar),anatomy_disease,,GM2 gangliosidoses,disease,peripheral nervous system neurons,anatomy,,
,3_34119419.pdf,10.1016/j.ymgme.2021.05.001,Abstract,original article,in vivo,animal(wild boar),disease_phenotype_positive,,GM2 gangliosidoses,disease,enlarged neuron,phenotype,,
,3_34119419.pdf,10.1016/j.ymgme.2021.05.001,Abstract,original article,in vivo,animal(wild boar),disease_phenotype_positive,,GM2 gangliosidoses,disease,foamy neuron,phenotype,,
,3_34119419.pdf,10.1016/j.ymgme.2021.05.001,Abstract,original article,in vivo,animal(wild boar),molfunc_protein,,HEXA,protein/gene,enzyme activity reduction,molecular_function,Hex A enzyme activity was less than 1% compared to control animals.,
,3_34119419.pdf,10.1016/j.ymgme.2021.05.001,Abstract,original article,in vivo,animal(wild boar),mutation_protein,,HEXA,protein/gene,c.1495C>T (p.Arg499Cys),mutation,Hex A enzyme activity was less than 1% compared to control animals.,
,3_34119419.pdf,10.1016/j.ymgme.2021.05.001,Abstract,original article,in vivo,animal(wild boar),disease_phenotype_positive,has_phenotype,GM2 gangliosidoses,disease,neuronal vacuolization,phenotype,cytoplasmic vacuolization observed,
,3_34119419.pdf,10.1016/j.ymgme.2021.05.001,Abstract,original article,in vivo,animal(wild boar),disease_phenotype_positive,has_phenotype,GM2 gangliosidoses,disease,lysosomal undegraded metabolites accumulation,phenotype,accumulation of undegraded metabolites,
,3_34119419.pdf,10.1016/j.ymgme.2021.05.001,Abstract,original article,in vivo,animal(wild boar),disease_protein,disease_protein,Tay-Sachs disease,disease,HEXA,protein/gene,HEXA variant associated with disease,
,3_34119419.pdf,10.1016/j.ymgme.2021.05.001,Abstract,original article,in vivo,animal(wild boar),disease_protein,disease_protein,GM2 gangliosidoses,disease,HEXA,protein/gene,enzyme deficiency involved,
,4_34201771.pdf,10.3390/ijms22136751,Abstract,original article,in vivo,mouse,disease_protein,disease_protein,GM2 gangliosidoses,disease,HEXA,protein/gene,,
,4_34201771.pdf,10.3390/ijms22136751,Abstract,original article,in vivo,mouse,disease_phenotype_positive,disease_protein,GM2 gangliosidoses,disease,enzyme β-hexosaminidase deficiency,phenotype,,
,4_34201771.pdf,10.3390/ijms22136751,Abstract,original article,in vivo,mouse,disease_phenotype_positive,disease_protein,Tay-Sachs disease,disease,enzyme β-hexosaminidase deficiency,phenotype,,
,4_34201771.pdf,10.3390/ijms22136751,Abstract,original article,in vivo,mouse,disease_phenotype_positive,disease_protein,Sandhoff disease,disease,enzyme β-hexosaminidase deficiency,phenotype,,
,4_34201771.pdf,10.3390/ijms22136751,Abstract,original article,in vivo,mouse,disease_disease,,GM2 gangliosidoses,disease,Tay-Sachs disease,disease,subtype,
,4_34201771.pdf,10.3390/ijms22136751,Abstract,original article,in vivo,mouse,disease_disease,,GM2 gangliosidoses,disease,Sandhoff disease,disease,subtype,
,4_34201771.pdf,10.3390/ijms22136751,Abstract,original article,in vivo,mouse,drug_effect,induces,scAAV9-HEXM,drug,immune response,phenotype,treatment triggers immune response,
,4_34201771.pdf,10.3390/ijms22136751,Abstract,original article,in vivo,mouse,drug_bioprocess,affects,scAAV9-HEXM,drug,GM2 catabolism,biological_process,improves breakdown of GM2,
,5_34288098.pdf,10.1002/prot.26180,Abstract,original article,in silico,computational,disease_protein,disease_protein,Tay-Sachs disease,disease,HEXA,protein/gene,dysfunction causes disease,
,5_34288098.pdf,10.1002/prot.26180,Abstract,original article,in silico,computational,disease_phenotype_positive,has_phenotype,Tay-Sachs disease,disease,GM2 accumulation,phenotype,buildup in neurons,
,5_34288098.pdf,10.1002/prot.26180,Abstract,original article,in silico,computational,drug_protein,target,N-acetylglucosamine-thiazoline,drug,hexA,protein/gene,binds enzyme,
,5_34288098.pdf,10.1002/prot.26180,Abstract,original article,in silico,computational,drug_effect,increases_activity,N-acetylglucosamine-thiazoline,drug,increase HEXA activity,molecular_function,improves residual activity,
,6_34422641.pdf,10.3389/fonc.2021.685893,Abstract,original article,in vitro,human samples+cell lines,disease_protein,,glioblastoma multiforme,disease,HEXA,protein/gene,upregulated expression,
,6_34422641.pdf,10.3389/fonc.2021.685893,Abstract,original article,in vitro,human samples+cell lines,disease_protein,,glioblastoma multiforme,disease,HEXB,protein/gene,upregulated expression,
,6_34422641.pdf,10.3389/fonc.2021.685893,Abstract,original article,in vitro,human samples+cell lines,anatomy_protein_present,,microglia,anatomy,HEXA,protein/gene,cell-specific expression,
,6_34422641.pdf,10.3389/fonc.2021.685893,Abstract,original article,in vitro,human samples+cell lines,anatomy_protein_present,,microglia,anatomy,HEXB,protein/gene,cell-specific expression,
,8_34554397.pdf,10.1007/s12031-021-01907-6,Abstract,original article,in vivo,human,disease_protein,mutation,Tay-Sachs disease,disease,HEXA,protein/gene,,
,8_34554397.pdf,10.1007/s12031-021-01907-6,Abstract,original article,in vivo,human,disease_protein,mutation,Sandhoff disease,disease,HEXB,protein/gene,,
,8_34554397.pdf,10.1007/s12031-021-01907-6,Abstract,original article,in vivo,human,disease_protein,mutation,Niemann–Pick disease,disease,SMPD1,protein/gene,,
,8_34554397.pdf,10.1007/s12031-021-01907-6,Abstract,original article,in vivo,human,disease_protein,mutation,Metachromatic leukodystrophy,disease,ARSA,protein/gene,,
,8_34554397.pdf,10.1007/s12031-021-01907-6,Abstract,original article,in vivo,human,mutation_protein,mutation,ARSA,protein/gene,c.472 T>G p. (Cys158Gly),mutation,,
,8_34554397.pdf,10.1007/s12031-021-01907-6,Abstract,original article,in vivo,human,mutation_protein,mutation,HEXB,protein/gene,c.1083-2delA,mutation,,
,8_34554397.pdf,10.1007/s12031-021-01907-6,Abstract,original article,in vivo,human,mutation_protein,mutation,HEXA,protein/gene,c.622delG,mutation,,
,8_34554397.pdf,10.1007/s12031-021-01907-6,Abstract,original article,in vivo,human,disease_protein,mutation,sphingolipidosis,disease,sphingolipid hydrolases mutation,protein/gene,,
,8_34554397.pdf,10.1007/s12031-021-01907-6,Abstract,original article,in vivo,human,disease_disease,,lysosomal storage disease,disease,sphingolipidosis,disease,,
,9_34685379.pdf,10.3390/life11101007,Abstract,case report,in vivo,human,disease_protein,deficiency,Tay-Sachs disease,disease,HEXA,protein/gene,,
,9_34685379.pdf,10.3390/life11101007,Abstract,case report,in vivo,human,disease_phenotype_positive,accumulation,Tay-Sachs disease,disease,GM2 ganglioside accumulation,phenotype,,
,9_34685379.pdf,10.3390/life11101007,Abstract,case report,in vivo,human,drug_effect,improves,umbilical cord blood cell transplantation,drug,increased HEXA concentration,phenotype,,
,9_34685379.pdf,10.3390/life11101007,Abstract,case report,in vivo,human,drug_effect,improves,umbilical cord blood cell transplantation,drug,improved neurological status,phenotype,,
,9_34685379.pdf,10.3390/life11101007,Abstract,case report,in vivo,human,drug_effect,reduces,curcumin,drug,reduced inflammatory cytokines,phenotype,,
,10_34800199.pdf,10.1007/s10072-021-05757-3,Abstract,original article,in vivo,human,disease_protein,mutation,Tay-Sachs disease,disease,HEXA,protein/gene,,
,10_34800199.pdf,10.1007/s10072-021-05757-3,Abstract,original article,in vivo,human,disease_phenotype_positive,has_phenotype,Tay-Sachs disease,disease,slowly progressive cerebellar ataxia,phenotype,,
,10_34800199.pdf,10.1007/s10072-021-05757-3,Abstract,original article,in vivo,human,disease_disease,,Tay-Sachs disease,disease,lower motor neuron disease,disease,,
,10_34800199.pdf,10.1007/s10072-021-05757-3,Abstract,original article,in vivo,human,disease_phenotype_positive,has_phenotype,Tay-Sachs disease,disease,psychiatric impairment,phenotype,,
,10_34800199.pdf,10.1007/s10072-021-05757-3,Abstract,original article,in vivo,human,disease_phenotype_positive,has_phenotype,Late-onset Tay-Sachs disease,disease,pontocerebellar atrophy,phenotype,,
,10_34800199.pdf,10.1007/s10072-021-05757-3,Abstract,original article,in vivo,human,disease_disease,is,Tay-Sachs disease,disease,GM2 gangliosidosis,disease,,
,11_34831346.pdf,10.3390/cells10113122,Abstract,original article,in vitro,human fibroblasts,disease_protein,dysfunction,GM2 gangliosidosis,disease,HexA,protein/gene,,
,11_34831346.pdf,10.3390/cells10113122,Abstract,original article,in vitro,human fibroblasts,disease_phenotype_positive,accumulation,GM2 gangliosidosis,disease,GM2 ganglioside accumulation,phenotype,,
,11_34831346.pdf,10.3390/cells10113122,Abstract,original article,in vitro,human fibroblasts,drug_bioprocess,modulates,L-arginine,drug,restored mTOR signaling,biological_process,,
,11_34831346.pdf,10.3390/cells10113122,Abstract,original article,in vitro,human fibroblasts,disease_phenotype_positive,,GM2 gangliosidosis,disease,impaired autophagic flux,phenotype,,
,11_34831346.pdf,10.3390/cells10113122,Abstract,original article,in vitro,human fibroblasts,disease_phenotype_positive,,GM2 gangliosidosis,disease,accelerated mature cathepsins release,phenotype,,
,11_34831346.pdf,10.3390/cells10113122,Abstract,original article,in vitro,human fibroblasts,disease_phenotype_positive,,GM2 gangliosidosis,disease,accelerated HEXA release,phenotype,,
,11_34831346.pdf,10.3390/cells10113122,Abstract,original article,in vitro,human fibroblasts,disease_phenotype_positive,,GM2 gangliosidosis,disease,increased lysosomal permeability,phenotype,,
,11_34831346.pdf,10.3390/cells10113122,Abstract,original article,in vitro,human fibroblasts,disease_phenotype_positive,,GM2 gangliosidosis,disease,reduced mTOR activity,phenotype,,
,12_35068126.pdf,10.5546/aap.2022.eng.e25,Other,case report,in vivo,human,disease_protein,deficiency,Tay-Sachs disease,disease,HEXA,protein/gene,,
,12_35068126.pdf,10.5546/aap.2022.eng.e25,Other,case report,in vivo,human,disease_phenotype_positive,has_phenotype,Tay-Sachs disease,disease,neurodegeneration,phenotype,,
,12_35068126.pdf,10.5546/aap.2022.eng.e25,Other,case report,in vivo,human,disease_phenotype_positive,has_phenotype,infantile Tay-Sachs disease,disease,hypotonia,phenotype,,
,12_35068126.pdf,10.5546/aap.2022.eng.e25,Other,case report,in vivo,human,disease_phenotype_positive,has_phenotype,Tay-Sachs disease,disease,macrocephaly,phenotype,,
,12_35068126.pdf,10.5546/aap.2022.eng.e25,Other,case report,in vivo,human,disease_phenotype_positive,has_phenotype,Tay-Sachs disease,disease,cherry-red spot,phenotype,,
,13_35146484.pdf,10.1016/j.ibneur.2022.01.004,Abstract,original article,in vivo,mouse,disease_protein,mutation,Sandhoff disease,disease,HEXB,protein/gene,,
,13_35146484.pdf,10.1016/j.ibneur.2022.01.004,Abstract,original article,in vivo,mouse,disease_protein,mutation,Tay-Sachs disease,disease,HEXA,protein/gene,,
,13_35146484.pdf,10.1016/j.ibneur.2022.01.004,Abstract,original article,in vivo,mouse,phenotype_protein,accumulation,β-hexosaminidase mutation,protein/gene,amyloid-beta accumulation,phenotype,,
,13_35146484.pdf,10.1016/j.ibneur.2022.01.004,Abstract,original article,in vivo,mouse,disease_phenotype_positive,accumulation,Sandhoff disease,disease,amyloid-beta accumulation,phenotype,,
,13_35146484.pdf,10.1016/j.ibneur.2022.01.004,Abstract,original article,in vivo,mouse,disease_phenotype_positive,accumulation,Tay-Sachs disease,disease,amyloid-beta accumulation,phenotype,,
,13_35146484.pdf,10.1016/j.ibneur.2022.01.004,Abstract,original article,in vivo,mouse,disease_protein,association,Alzheimer’s disease,disease,HEXB,protein/gene,,
,14_35434178.pdf,10.1016/j.omtm.2022.03.011,Abstract,original article,in vivo,mouse,disease_protein,deficiency,b-N-acetylhexosaminidase deficiency,protein/gene,GM2 ganglioside accumulation,phenotype,,
,14_35434178.pdf,10.1016/j.omtm.2022.03.011,Abstract,original article,in vivo,mouse,disease_phenotype_positive,accumulation,GM2 gangliosidosis,disease,GM2 ganglioside accumulation,phenotype,,
,14_35434178.pdf,10.1016/j.omtm.2022.03.011,Abstract,original article,in vivo,mouse,drug_effect,prolongs,AAV-Hex gene therapy and bone marrow transplantation combination,drug,lifespan extension,phenotype,,
,14_35434178.pdf,10.1016/j.omtm.2022.03.011,Abstract,original article,in vivo,mouse,drug_effect,reduces,AAV-Hex gene therapy and bone marrow transplantation combination,drug,normalized neurodegenerative phenotype,phenotype,,
,14_35434178.pdf,10.1016/j.omtm.2022.03.011,Abstract,original article,in vivo,mouse,drug_effect,increases,AAV-Hex gene therapy and bone marrow transplantation combination,drug,increased HEX enzyme activity,phenotype,,
,15_35575117.pdf,10.1080/14756366.2022.2073444,Abstract,original article,in vitro,human fibroblasts,disease_protein,mutation,late-onset Tay-Sachs disease,disease,HEXA,protein/gene,,
,15_35575117.pdf,10.1080/14756366.2022.2073444,Abstract,original article,in vitro,human fibroblasts,drug_effect,inhibits,sp2-Iminosugars,drug,HexA competitive inhibitor,molecular_function,,
,15_35575117.pdf,10.1080/14756366.2022.2073444,Abstract,original article,in vitro,human fibroblasts,drug_effect,increases,iminosugar compounds,drug,hexA activity,phenotype,,
,15_35575117.pdf,10.1080/14756366.2022.2073444,Abstract,original article,in vitro,human fibroblasts,disease_phenotype_positive,reduced activity,late-onset Tay-Sachs disease,disease,b-hexosaminidase A activity reduction,phenotype,,
,17_36003081.pdf,10.3389/fmolb.2022.892248,Abstract,original article,in vivo,mouse,disease_protein,,Tay-Sachs disease,disease,HEXA,protein/gene,,
,17_36003081.pdf,10.3389/fmolb.2022.892248,Abstract,original article,in vivo,mouse,disease_phenotype_positive,,Tay-Sachs disease,disease,GM2 ganglioside accumulation,phenotype,,
,17_36003081.pdf,10.3389/fmolb.2022.892248,Abstract,original article,in vivo,mouse,disease_phenotype_positive,,Tay-Sachs disease,disease,neurodegeneration,phenotype,,
,17_36003081.pdf,10.3389/fmolb.2022.892248,Abstract,original article,in vivo,mouse,disease_phenotype_positive,,Tay-Sachs disease,disease,demyelination,phenotype,,
,17_36003081.pdf,10.3389/fmolb.2022.892248,Abstract,original article,in vivo,mouse,disease_phenotype_positive,,Tay-Sachs disease,disease,axonal degeneration,phenotype,,
,17_36003081.pdf,10.3389/fmolb.2022.892248,Abstract,original article,in vivo,mouse,cellcomp_protein,,HEXA mutation,protein/gene,elevated phosphatidylcholine-ether,cellular_component,,
,17_36003081.pdf,10.3389/fmolb.2022.892248,Abstract,original article,in vivo,mouse,cellcomp_protein,,HEXA mutation,protein/gene,elevated lysophosphatidylcholine,cellular_component,,
,17_36003081.pdf,10.3389/fmolb.2022.892248,Abstract,original article,in vivo,mouse,cellcomp_protein,,HEXA mutation,protein/gene,decreased phosphatidylcholine,cellular_component,,
,17_36003081.pdf,10.3389/fmolb.2022.892248,Abstract,original article,in vivo,mouse,cellcomp_protein,,HEXA mutation,protein/gene,decreased phosphatidylserine ,cellular_component,,
,17_36003081.pdf,10.3389/fmolb.2022.892248,Abstract,original article,in vivo,mouse,anatomy_protein_present,,hippocampus,anatomy,HEXA mutation,protein/gene,,
,17_36003081.pdf,10.3389/fmolb.2022.892248,Abstract,original article,in vivo,mouse,anatomy_protein_present,,cortex,anatomy,HEXA mutation,protein/gene,,
,19_36142595.pdf,10.3390/ijms231810672,Abstract,original article,in vitro,human fibroblasts,disease_protein,mutation,Tay-Sachs disease,disease,HEXA,protein/gene,,
,19_36142595.pdf,10.3390/ijms231810672,Abstract,original article,in vitro,human fibroblasts,disease_protein,mutation,Sandhoff disease,disease,HEXB,protein/gene,,
,19_36142595.pdf,10.3390/ijms231810672,Abstract,original article,in vitro,human fibroblasts,disease_protein,mutation,"GM2-gangliosidosis, AB variant",disease,GM2A,protein/gene,,
,19_36142595.pdf,10.3390/ijms231810672,Abstract,original article,in vitro,human fibroblasts,cellcomp_bioprocess,mutation,lysosome,cellular_component,impaired GM2 ganglioside degradation,biological_process,,
,19_36142595.pdf,10.3390/ijms231810672,Abstract,original article,in vitro,human fibroblasts,bioprocess_protein,mutation,GM2 ganglioside degradation,biological_process,β-hexosaminidase A,protein/gene,,
,19_36142595.pdf,10.3390/ijms231810672,Abstract,original article,in vitro,human fibroblasts,disease_protein,mutation,,disease,,protein/gene,,
,19_36142595.pdf,10.3390/ijms231810672,Abstract,original article,in vitro,human fibroblasts,disease_phenotype_positive,accumulation,GM2 gangliosidosis,disease,GM2 ganglioside accumulation,phenotype,,
,19_36142595.pdf,10.3390/ijms231810672,Abstract,original article,in vitro,human fibroblasts,drug_effect,increases,CRISPR/nCas9,drug,increased β-hexosaminidase activity,phenotype,,
,19_36142595.pdf,10.3390/ijms231810672,Abstract,original article,in vitro,human fibroblasts,drug_effect,reduces,CRISPR/nCas9,drug,recovered oxidative stress,phenotype,,
,20_36194207.pdf,10.1016/j.gim.2022.09.001,Abstract,original article,clinical/observational,human,disease_phenotype_positive,has_phenotype,gangliosidoses,disease,developmental delay,phenotype,,
,20_36194207.pdf,10.1016/j.gim.2022.09.001,Abstract,original article,clinical/observational,human,disease_phenotype_positive,has_phenotype,gangliosidoses,disease,macrocephaly,phenotype,,
,20_36194207.pdf,10.1016/j.gim.2022.09.001,Abstract,original article,clinical/observational,human,disease_phenotype_positive,has_phenotype,gangliosidoses,disease,regression,phenotype,,
,20_36194207.pdf,10.1016/j.gim.2022.09.001,Abstract,original article,clinical/observational,human,disease_phenotype_positive,has_phenotype,gangliosidoses,disease,hypotonia,phenotype,,
,21_36618998.pdf,10.5334/tohm.726,"Abstract, Introduction (khổ cuối)",original article,clinical,human,disease_protein,deficiency,Tay-Sachs disease,disease,HEXA,protein/gene,,
,21_36618998.pdf,10.5334/tohm.726,"Abstract, Introduction (khổ cuối)",original article,clinical,human,disease_phenotype_positive,accumulation,Tay-Sachs disease,disease,GM2 ganglioside accumulation,phenotype,,
,21_36618998.pdf,10.5334/tohm.726,"Abstract, Introduction (khổ cuối)",original article,clinical,human,disease_phenotype_positive,has_phenotype,Late-Onset Tay-Sachs disease,disease,psychiatric symptoms,phenotype,,
,21_36618998.pdf,10.5334/tohm.726,"Abstract, Introduction (khổ cuối)",original article,clinical,human,disease_phenotype_positive,has_phenotype,Late-Onset Tay-Sachs disease,disease,cerebellar symptoms,phenotype,,
,21_36618998.pdf,10.5334/tohm.726,"Abstract, Introduction (khổ cuối)",original article,clinical,human,disease_phenotype_positive,has_phenotype,Late-Onset Tay-Sachs disease,disease,neuromuscular disorder,phenotype,,
,21_36618998.pdf,10.5334/tohm.726,"Abstract, Introduction (khổ cuối)",original article,clinical,human,disease_phenotype_positive,has_phenotype,Late-Onset Tay-Sachs disease,disease,movement disorder,phenotype,,
,21_36618998.pdf,10.5334/tohm.726,"Abstract, Introduction (khổ cuối)",original article,clinical,human,disease_phenotype_positive,has_phenotype,Late-Onset Tay-Sachs disease,disease,stuttering,phenotype,,
,22_36709536.pdf,10.1016/j.ymgme.2022.106983,Abstract,original article,in vitro,human,disease_protein,mutation,GM2 gangliosidosis,disease,HEXA,protein/gene,,
,22_36709536.pdf,10.1016/j.ymgme.2022.106983,Abstract,original article,in vitro,human,disease_protein,mutation,GM2 gangliosidosis,disease,HEXB,protein/gene,,
,22_36709536.pdf,10.1016/j.ymgme.2022.106983,Abstract,original article,in vitro,human,disease_protein,mutation,GM2 gangliosidosis,disease,GM2A,protein/gene,,
,22_36709536.pdf,10.1016/j.ymgme.2022.106983,Abstract,original article,in vitro,human,protein_protein,mutation,GM2A mutation,protein/gene,GM2 activator protein defect,protein/gene,,
,22_36709536.pdf,10.1016/j.ymgme.2022.106983,Abstract,original article,in vitro,human,disease_phenotype_positive,accumulation,GM2 gangliosidosis,disease,GM2 ganglioside accumulation,phenotype,,
,22_36709536.pdf,10.1016/j.ymgme.2022.106983,Abstract,original article,in vitro,human,disease_phenotype_negative,biomarker,GM2 gangliosidosis,disease,lysosomal β-hexosaminidase activity,phenotype,,
,22_36709536.pdf,10.1016/j.ymgme.2022.106983,Abstract,original article,in vitro,human,phenotype_phenotype,association,GM2 levels,phenotype,disease severity,phenotype,,
,24_36907859.pdf,10.1186/s13023-023-02637-1,Abstract,original article,clinical+genetic,human,disease_protein,mutation,Tay-Sachs disease,disease,HEXA,protein/gene,,
,24_36907859.pdf,10.1186/s13023-023-02637-1,Abstract,original article,clinical+genetic,human,disease_phenotype_negative,reduced activity,Tay-Sachs disease,disease,β-hexosaminidase A activity,phenotype,,
,24_36907859.pdf,10.1186/s13023-023-02637-1,Abstract,original article,clinical+genetic,human,disease_phenotype_positive,accumulation,Tay-Sachs disease,disease,GM2 ganglioside accumulation,phenotype,,
,24_36907859.pdf,10.1186/s13023-023-02637-1,Abstract,original article,clinical+genetic,human,disease_mutation,accumulation,Tay-Sachs disease,disease,c.920A>C (E307A),mutation,,
,24_36907859.pdf,10.1186/s13023-023-02637-1,Abstract,original article,clinical+genetic,human,disease_mutation,accumulation,Tay-Sachs disease,disease,c.952C>G (H318D),mutation,,
,24_36907859.pdf,10.1186/s13023-023-02637-1,Abstract,original article,clinical+genetic,human,disease_mutation,accumulation,Tay-Sachs disease,disease,c.484delG,mutation,,
,24_36907859.pdf,10.1186/s13023-023-02637-1,Abstract,original article,clinical+genetic,human,disease_mutation,accumulation,Tay-Sachs disease,disease,E162Rfs*37 (p.Glu162ArgfsTer37),mutation,,
,25_36928510.pdf,10.1371/journal.pone.0280650,Abstract,original article,in vivo,mouse,disease_protein,mutation,Tay-Sachs disease,disease,HEXA,protein/gene,,
,25_36928510.pdf,10.1371/journal.pone.0280650,Abstract,original article,in vivo,mouse,disease_phenotype_positive,accumulation,Tay-Sachs disease,disease,GM2 ganglioside accumulation,protein/gene,,
,25_36928510.pdf,10.1371/journal.pone.0280650,Abstract,original article,in vivo,mouse,disease_phenotype_positive,has_phenotype,Tay-Sachs disease,disease,neurodegeneration,phenotype,,
,25_36928510.pdf,10.1371/journal.pone.0280650,Abstract,original article,in vivo,mouse,disease_bioprocess,impairment,Tay-Sachs disease,disease,impaired autophagic flux,biological process,,
,25_36928510.pdf,10.1371/journal.pone.0280650,Abstract,original article,in vivo,mouse,anatomy_cellcomp,impairment,brain,anatomy,GM2 ganglioside accumulation,cellular_component,,
,26_37209042.pdf,10.1111/ene.15871,"Abstract, Introduction (khổ cuối)",systematic review,clinical,human,disease_protein,mutation,Tay-Sachs disease,disease,β-hexosaminidase A,protein/gene,,
,26_37209042.pdf,10.1111/ene.15871,"Abstract, Introduction (khổ cuối)",systematic review,clinical,human,disease_protein,mutation,Sandhoff disease,disease,β-hexosaminidase A/B,protein/gene,,
,26_37209042.pdf,10.1111/ene.15871,"Abstract, Introduction (khổ cuối)",systematic review,clinical,human,disease_phenotype_positive,accumulation,GM2 gangliosidosis,disease,GM2 ganglioside accumulation,phenotype,,
,26_37209042.pdf,10.1111/ene.15871,"Abstract, Introduction (khổ cuối)",systematic review,clinical,human,indication,treats,miglustat,drug,GM2 gangliosidoses,Disease,,
,26_37209042.pdf,10.1111/ene.15871,"Abstract, Introduction (khổ cuối)",systematic review,clinical,human,drug_bioprocess,inhibits,miglustat,drug,glycosphingolipid synthesis,biological process,,
,27_37488869.pdf,27_37488869.pdf,Abstract,original article,in vivo+in vitro,human cells+animal,disease_phenotype_positive,deficiency,GM2 gangliosidosis,disease,β-hexosaminidase A deficiency,phenotype,,
,27_37488869.pdf,10.4103/1673-5374.375328,Abstract,original article,in vivo+in vitro,human cells+animal,disease_phenotype_positive,accumulation,GM2 gangliosidosis,disease,GM2 ganglioside accumulation,phenotype,,
,27_37488869.pdf,10.4103/1673-5374.375328,Abstract,original article,in vivo+in vitro,human cells+animal,disease_phenotype_positive,has_phenotype,GM2 gangliosidosis,disease,neurodegeneration,phenotype,,
,27_37488869.pdf,10.4103/1673-5374.375328,Abstract,original article,in vivo+in vitro,human cells+animal,drug_effect,increases,MSCs-HEXA-HEXB,drug,restored β-hexosaminidase  A activity,phenotype,,
,27_37488869.pdf,10.4103/1673-5374.375328,Abstract,original article,in vivo+in vitro,human cells+animal,drug_effect,restores,MSCs-HEXA-HEXB,drug,restored enzyme deficiency,phenotype,,
,28_37623472.pdf,10.3390/jpm13081222,Abstract,original article,clinical,human,disease_protein,mutation,Tay-Sachs disease,disease,HEXA,protein/gene,,
,28_37623472.pdf,10.3390/jpm13081222,Abstract,original article,clinical,human,disease_disease,is_a,Tay-Sachs disease,disease,metabolic disease,Disease,,
,28_37623472.pdf,10.3390/jpm13081222,Abstract,original article,clinical,human,disease_phenotype_positive,has_phenotype,Tay-Sachs disease,disease,early death,phenotype,,
,29_37754769.pdf,10.1111/ene.16069,Abstract,case report,clinical,human,disease_protein,mutation,Tay-Sachs disease,disease,HEXA,protein/gene,,
,29_37754769.pdf,10.1111/ene.16069,Abstract,case report,clinical,human,disease_phenotype_positive,reduced activity,Tay-Sachs disease,disease,β-hexosaminidase A activity,phenotype,,
,29_37754769.pdf,10.1111/ene.16069,Abstract,case report,clinical,human,disease_phenotype_positive,accumulation,Tay-Sachs disease,disease,GM2 ganglioside accumulation,phenotype,,
,29_37754769.pdf,10.1111/ene.16069,Abstract,case report,clinical,human,phenotype_phenotype,accumulation,GM2 ganglioside accumulation,phenotype,neuronal swelling,phenotype,,
,29_37754769.pdf,10.1111/ene.16069,Abstract,case report,clinical,human,phenotype_phenotype,accumulation,GM2 ganglioside accumulation,phenotype,neuronal degeneration,phenotype,,
,29_37754769.pdf,10.1111/ene.16069,Abstract,case report,clinical,human,disease_phenotype_positive,has_phenotype,Late-Onset Tay-Sachs disease,disease,neuromuscular weakness,phenotype,,
,30_37834060.pdf,10.3390/ijms241914611,Abstract,original article,in vivo,mouse,disease_protein,mutation,AB-variant GM2 gangliosidosis,disease,GM2A,protein/gene,,
,30_37834060.pdf,10.3390/ijms241914611,Abstract,original article,in vivo,mouse,disease_phenotype_positive,accumulation,GM2 gangliosidosis,disease,GM2 ganglioside accumulation,phenotype,,
,30_37834060.pdf,10.3390/ijms241914611,Abstract,original article,in vivo,mouse,drug_effect,reduces,AAV9-GM2A gene therapy,drug,reduced GM2  accumulation,phenotype,,
,31_38053937.pdf,10.1016/j.mgmr.2023.101014,Abstract,original article,clinical,human,disease_protein,deficiency,GM2 gangliosidosis,disease,β-hexosaminidase A,protein/gene,,
,31_38053937.pdf,10.1016/j.mgmr.2023.101014,Abstract,original article,clinical,human,disease_phenotype_positive,accumulation,GM2 gangliosidosis,disease,ataxia,phenotype,,
,31_38053937.pdf,10.1016/j.mgmr.2023.101014,Abstract,original article,clinical,human,disease_phenotype_positive,has_phenotype,GM2 gangliosidosis,disease,GM2 ganglioside accumulation,phenotype,,
,31_38053937.pdf,10.1016/j.mgmr.2023.101014,Abstract,original article,clinical,human,disease_phenotype_positive,has_phenotype,GM2 gangliosidosis,disease,dysarthria,phenotype,,
,32_38132111.pdf,10.3390/cells12242791,Abstract,original article,in vivo,mouse,disease_protein,deficiency,Tay-Sachs disease,disease,β-hexosaminidase A,protein/gene,,
,32_38132111.pdf,10.3390/cells12242791,Abstract,original article,in vivo,mouse,disease_phenotype_positive,accumulation,Tay-Sachs disease,disease,GM2 ganglioside accumulation,phenotype,,
,32_38132111.pdf,10.3390/cells12242791,Abstract,original article,in vivo,mouse,drug_effect,reduces,Gemfibrozil,drug,GM2  accumulation,phenotype,,
,32_38132111.pdf,10.3390/cells12242791,Abstract,original article,in vivo,mouse,drug_effect,target,Gemfibrozil,drug,increased PPARα,phenotype,,
,32_38132111.pdf,10.3390/cells12242791,Abstract,original article,in vivo,mouse,drug_effect,target,Gemfibrozil,drug,activated glial suppression,phenotype,,
,32_38132111.pdf,10.3390/cells12242791,Abstract,original article,in vivo,mouse,drug_effect,target,Gemfibrozil,drug,improved behavior,phenotype,,
,32_38132111.pdf,10.3390/cells12242791,Abstract,original article,in vivo,mouse,drug_effect,target,Gemfibrozil,drug,improved survival,phenotype,,
,32_38132111.pdf,10.3390/cells12242791,Abstract,original article,in vivo,mouse,drug_effect,target,Gemfibrozil,drug,inflammation suppression,phenotype,,
,32_38132111.pdf,10.3390/cells12242791,Abstract,original article,in vivo,mouse,drug_effect,target,Gemfibrozil,drug,reduced GM2  accumulation,phenotype,,
,34_38205442.pdf,10.1016/j.omtm.2023.101168,Abstract,original article,in vivo,mouse,disease_protein,mutation,Sandhoff disease,disease,HEXB,protein/gene,,
,34_38205442.pdf,10.1016/j.omtm.2023.101168,Abstract,original article,in vivo,mouse,disease_protein,mutation,Tay-Sachs disease,disease,HEXA,protein/gene,,
,34_38205442.pdf,10.1016/j.omtm.2023.101168,Abstract,original article,in vivo,mouse,disease_phenotype_positive,accumulation,GM2 gangliosidosis,disease,GM2 ganglioside accumulation,phenotype,,
,34_38205442.pdf,10.1016/j.omtm.2023.101168,Abstract,original article,in vivo,mouse,drug_effect,reduces,bicistronic vector carrying both HEXA and HEXB,drug,reduced GM2 accumulation,phenotype,,
,34_38205442.pdf,10.1016/j.omtm.2023.101168,Abstract,original article,in vivo,mouse,drug_effect,increases,bicistronic vector carrying both HEXA and HEXB,drug,increased survival,phenotype,,
,35_38262289.pdf,10.1016/j.ymgme.2024.108140,Abstract,original article,in vivo,"mice, human",disease_protein,mutation,Tay-Sachs disease,disease,HEXA,protein/gene,,
,35_38262289.pdf,10.1016/j.ymgme.2024.108140,Abstract,original article,in vivo,"mice, human",protein_protein,mutation,HEXA,protein/gene,β-hexosaminidase A enzyme,protein/gene,,
,35_38262289.pdf,10.1016/j.ymgme.2024.108140,Abstract,original article,in vitro,"mice, human",disease_phenotype_positive,accumulation,Tay-Sachs disease,disease,GM2 ganglioside accumulation,phenotype,,
,35_38262289.pdf,10.1016/j.ymgme.2024.108140,Abstract,original article,in vitro,"mice, human",drug_bioprocess,impairment,Tay-Sachs disease,disease,impaired autophagic flux,phenotype,,
,35_38262289.pdf,10.1016/j.ymgme.2024.108140,Abstract,original article,in vitro,"mice, human",drug_effect,reduces,lithium,drug,reduced GM2 accumulation,phenotype,,
,35_38262289.pdf,10.1016/j.ymgme.2024.108140,Abstract,original article,in vitro,"mice, human",drug_effect,reduces,lithium,drug,reduced GM2 ganglioside,phenotype,,
,35_38262289.pdf,10.1016/j.ymgme.2024.108140,Abstract,original article,in vitro,"mice, human",drug_bioprocess,induces,lithium,drug,autophagy inducer,molecular_function,,
,36_38322066.pdf,10.7759/cureus.51797,Abstract,case report,in vivo,human,disease_protein,deficiency,Tay-Sachs disease,disease,Hexosaminidase A,protein/gene,enzyme deficiency,
,36_38322066.pdf,10.7759/cureus.51797,Abstract,case report,in vivo,human,disease_phenotype_positive,accumulation,Tay-Sachs disease,disease,GM2 ganglioside accumulation,phenotype,accumulation in nerve cells,
,36_38322066.pdf,10.7759/cureus.51797,Abstract,case report,in vivo,human,anatomy_protein_present,accumulation,nerve cells,anatomy,GM2 ganglioside accumulation,protein/gene,accumulation in nerve cells,
,36_38322066.pdf,10.7759/cureus.51797,Abstract,case report,in vivo,human,disease_phenotype_positive,has_phenotype,Tay-Sachs disease,disease,seizures,phenotype,,
,36_38322066.pdf,10.7759/cureus.51797,Abstract,case report,in vivo,human,disease_phenotype_positive,has_phenotype,Tay-Sachs disease,disease,developmental delay,phenotype,,
,36_38322066.pdf,10.7759/cureus.51797,Abstract,case report,in vivo,human,disease_phenotype_positive,has_phenotype,Tay-Sachs disease,disease,reduced HEXA enzyme activity,phenotype,,
,37_38510117.pdf,10.1016/j.isci.2024.109413,Abstract,original article,in vitro,human,disease_protein,mutation,Tay-Sachs disease,disease,HEXA,protein/gene,frameshift mutation,
,37_38510117.pdf,10.1016/j.isci.2024.109413,Abstract,original article,in vitro,human,bioprocess_protein,increases,eukaryotic Release Factor 1,protein/gene,frequent +1 frameshifting,biological_process,ectopic expression increases frameshifting,
,37_38510117.pdf,10.1016/j.isci.2024.109413,Abstract,original article,in vitro,human,bioprocess_protein,participates_in,eukaryotic Release Factor 1,protein,enhance +1 ribosomal frameshifting,biological_process,enhance +1 ribosomal frameshifting at slippery heptameric sequences in human cells without an apparent requirement for an mRNA secondary structure.,
,37_38510117.pdf,10.1016/j.isci.2024.109413,Abstract,original article,in vitro,human,bioprocess_protein,participates_in,HEXA,protein,enhanced frequent +1 frameshifting,biological_process,enhance +1 ribosomal frameshifting at slippery heptameric sequences in human cells without an apparent requirement for an mRNA secondary structure.,
,38_38532783.pdf,10.1515/nipt-2023-0027,Abstract,original article,in vivo,mice,disease_disease,,Tay-Sachs disease,disease,Sandhoff disease,disease,,
,38_38532783.pdf,10.1515/nipt-2023-0027,Abstract,original article,in vivo,mice,disease_disease,,Autosomal recessive lysosomal storage metabolic disorders,disease,Tay-Sachs disease,disease,,
,38_38532783.pdf,10.1515/nipt-2023-0027,Abstract,original article,in vivo,mice,disease_phenotype_positive,,Tay-Sachs disease,disease,excessive GM2 ganglioside accumulation,phenotype,,
,38_38532783.pdf,10.1515/nipt-2023-0027,Abstract,original article,in vivo,mice,phenotype_anatomy,,excessive GM2 ganglioside accumulation,phenotype,neurons,anatomy,,
,38_38532783.pdf,10.1515/nipt-2023-0027,Abstract,original article,in vivo,mice,drug_effect,,cinnamic acid,drug,attenuated glial activation,phenotype,,
,38_38532783.pdf,10.1515/nipt-2023-0027,Abstract,original article,in vivo,mice,drug_effect,,cinnamic acid,drug,reduced GM2 gangliosides accumulation,phenotype,,
,38_38532783.pdf,10.1515/nipt-2023-0027,Abstract,original article,in vivo,mice,drug_effect,,cinnamic acid,disease,reduced inflammation,phenotype,,
,38_38532783.pdf,10.1515/nipt-2023-0027,Abstract,original article,in vivo,mice,drug_effect,,cinnamic acid,disease,improved behavioral performance,phenotype,,
,38_38532783.pdf,10.1515/nipt-2023-0027,Abstract,original article,in vivo,mice,drug_effect,,cinnamic acid,disease,increased the survival,phenotype,,
,38_38532783.pdf,10.1515/nipt-2023-0027,Abstract,original article,in vivo,mice,drug_effect,,cinnamic acid,disease,increased PPARα level,phenotype,,
,39_39138584.pdf,10.1186/s13023-024-03300-z,Abstract,original article,in vivo,human,disease_disease,is_a,rare genetic disease,disease,Tay-Sachs disease,disease,categorized under rare diseases,
,42_39430583.pdf,10.3389/fneur.2024.1400989,"Abstract, Introduction (khổ cuối)",original article,in vivo+in vitro,human,disease_protein,mutation,late-onset Tay-Sachs disease,disease,HEXA,protein/gene,mutations identified,
,42_39430583.pdf,10.3389/fneur.2024.1400989,"Abstract, Introduction (khổ cuối)",original article,in vivo+in vitro,human,disease_phenotype_positive,deficiency,late-onset Tay-Sachs disease,disease,Hexosaminidase A,protein/gene,enzyme deficiency,
,42_39430583.pdf,10.3389/fneur.2024.1400989,"Abstract, Introduction (khổ cuối)",original article,in vivo+in vitro,human,disease_phenotype_positive,has_phenotype,late-onset Tay-Sachs disease,disease,neurodegeneration,phenotype,,
,42_39430583.pdf,10.3389/fneur.2024.1400989,"Abstract, Introduction (khổ cuối)",original article,in vivo+in vitro,human,mutation_protein,has_phenotype,HEXA,protein/gene,c.805G > A (p.Gly269Ser),mutation,,
,42_39430583.pdf,10.3389/fneur.2024.1400989,"Abstract, Introduction (khổ cuối)",original article,in vivo+in vitro,human,mutation_protein,has_phenotype,HEXA,disease,c.346 + 2dupT,mutation,,
,44_39609393.pdf,10.1038/s41439-024-00300-0,Abstract,case report,in vivo,human,disease_protein,mutation,Tay-Sachs disease,disease,HEXA,protein/gene,missense variants,
,44_39609393.pdf,10.1038/s41439-024-00300-0,Introduction,case report,in vivo,human,mutation_protein,loss_of_function,HEXA,disease,c.775A>C,mutation,,
,44_39609393.pdf,10.1038/s41439-024-00300-0,Abstract,case report,in vivo,human,mutation_protein,has_phenotype,HEXA,disease,c.508C>T,mutation,,
,45_39644670.pdf,10.1016/j.ymgme.2024.108615,Abstract,original article,in vivo,animal,disease_disease,is_a,GM2 gangliosidosis,disease,Tay-Sachs disease,disease,related disorders,
,45_39644670.pdf,10.1016/j.ymgme.2024.108615,Introduction,original article,in vivo,animal,disease_protein,deficiency,Tay-Sachs disease,disease,Hexosaminidase,protein/gene,enzyme dysfunction,
,45_39644670.pdf,10.1016/j.ymgme.2024.108615,Abstract,original article,in vivo,animal,phenotype_phenotype,has_phenotype,GM2A deficiency,phenotype,increased lyso-platelet activating factor,phenotype,,
,45_39644670.pdf,10.1016/j.ymgme.2024.108615,Abstract,original article,in vivo,animal,bioprocess_protein,has_phenotype,the GM2 activator,protein/gene,ganglioside hydrolysis,biological_process,,
,45_39644670.pdf,10.1016/j.ymgme.2024.108615,Abstract,original article,in vivo,animal,phenotype_phenotype,has_phenotype,GM2A deficiency,phenotype,early death,phenotype,,
,45_39644670.pdf,10.1016/j.ymgme.2024.108615,Abstract,original article,in vivo,animal,phenotype_phenotype,has_phenotype,GM2A deficiency,phenotype,rapid central nervous system deterioration,phenotype,,
,46_39752451.pdf,10.1371/journal.pone.0315005,Abstract,original article,in vivo,animal,disease_protein,deficiency,Tay-Sachs disease,disease,Hexosaminidase A,protein/gene,cause of disease,
,46_39752451.pdf,10.1371/journal.pone.0315005,Abstract,original article,in vivo,animal,drug_effect,treats,HexD3 enzyme,drug,Tay-Sachs disease,disease,therapeutic candidate,
,46_39752451.pdf,10.1371/journal.pone.0315005,Abstract,original article,in vivo,animal,drug_effect,ameliorates,HexD3 enzyme,drug,halted motor decline,phenotype,improves condition,
,46_39752451.pdf,10.1371/journal.pone.0315005,Abstract,original article,in vivo,animal,drug_effect,ameliorates,HexD3 enzyme,drug,ameliorated late-stage disease severity,phenotype,,
,49_39807213.pdf,10.1212/NXG.0000000000200205,Abstract,clinical,in vivo,human,disease_protein,mutation,adult-onset Tay-Sachs disease,disease,HEXA,protein/gene,pathogenic variants,
,49_39807213.pdf,10.1212/NXG.0000000000200205,Abstract,clinical,in vivo,human,disease_protein,decreased activity,adult-onset Tay-Sachs disease,disease,Hexosaminidase A,protein/gene,reduced enzyme,
,49_39807213.pdf,10.1212/NXG.0000000000200205,Abstract,clinical,in vivo,human,disease_phenotype_positive,has_phenotype,adult-onset Tay-Sachs disease,disease,ataxia,phenotype,,
,49_39807213.pdf,10.1212/NXG.0000000000200205,Abstract,clinical,in vivo,human,disease_phenotype_positive,has_phenotype,adult-onset Tay-Sachs disease,disease,neuropsychiatric symptom,phenotype,,
,50_40019557.pdf,10.1007/s11011-025-01553-6,Abstract,original article,in vivo,human,disease_protein,deficiency,Tay-Sachs disease,disease,β-Hexosaminidase A,protein/gene,cause,
,50_40019557.pdf,10.1007/s11011-025-01553-6,Abstract,original article,in vivo,human,disease_phenotype_positive,causes,Tay-Sachs disease,disease,chronic neuroinflammation,phenotype,,
,50_40019557.pdf,10.1007/s11011-025-01553-6,Abstract,original article,in vivo,human,drug_effect,reduces,propagermanium + ketogenic diet,drug,reduced neuroinflammation,phenotype,,
,50_40019557.pdf,10.1007/s11011-025-01553-6,Abstract,original article,in vivo,human,drug_effect,reduces,Propagermanium,drug,inhibited neuroinflammation,phenotype,,
,51_40042748.pdf,10.1007/s11033-025-10380-y,Abstract,original article,in vivo,mice,disease_phenotype_positive,association,Tay-Sachs disease,disease,neurodegeneration,phenotype,,
,51_40042748.pdf,10.1007/s11033-025-10380-y,Abstract,original article,in vivo,mice,disease_phenotype_positive,association,oxidative stress,phenotype,neurodegeneration,phenotype,,
,51_40042748.pdf,10.1007/s11033-025-10380-y,Abstract,original article,in vivo,mice,disease_protein,dysfunction,Tay-Sachs disease,disease,Hexosaminidase A,protein/gene,,
,51_40042748.pdf,10.1007/s11033-025-10380-y,Abstract,original article,in vivo,mice,disease_protein,dysfunction,Tay-Sachs disease,disease,neuronal death,phenotype,,
,51_40042748.pdf,10.1007/s11033-025-10380-y,Abstract,original article,in vivo,mice,drug_bioprocess,,Tay-Sachs disease,disease,alterations in intracellular ROS levels,biological_process,,
,52_40106490.pdf,10.1371/journal.pone.0319401,Abstract,original article,in vitro,human,disease_protein,mutation,Tay-Sachs disease,disease,HEXA gene,protein/gene,,
,52_40106490.pdf,10.1371/journal.pone.0319401,Abstract,original article,in vitro,human,disease_disease,association,Tay-Sachs disease,disease,Niemann-Pick type C,disease,shared pathways,
,52_40106490.pdf,10.1371/journal.pone.0319401,Abstract,original article,in vitro,human,disease_protein,interaction,Tay-Sachs disease,disease,SNCA,protein/gene,,
,52_40106490.pdf,10.1371/journal.pone.0319401,Abstract,original article,in vitro,human,disease_protein,interaction,Tay-Sachs disease,disease,APOE,protein/gene,,
,52_40106490.pdf,10.1371/journal.pone.0319401,Abstract,original article,in vitro,human,disease_protein,interaction,Tay-Sachs disease,disease,CD44,protein/gene,,
,52_40106490.pdf,10.1371/journal.pone.0319401,Abstract,original article,in vitro,human,disease_protein,interaction,Tay-Sachs disease,disease,ITGB5,protein/gene,,
,54_40266357.pdf,10.1007/s00415-025-13091-3,Abstract,original article,in vivo,human,disease_protein, mutation,Tay-Sachs disease,disease,HEXA gene,protein/gene,,
,54_40266357.pdf,10.1007/s00415-025-13091-3,Abstract,original article,in vivo,human,disease_protein,deficiency,Tay-Sachs disease,disease,β-hexosaminidase A,protein/gene,,
,54_40266357.pdf,10.1007/s00415-025-13091-3,Abstract,original article,in vivo,human,disease_disease,is_a,Tay-Sachs disease,disease,GM2 gangliosidosis,disease,,
,55_40386041.pdf,10.1016/j.ymgmr.2025.101225,Abstract,case report,in vivo,human,phenotype_protein,mutation,GM2 activator deficiency,phenotype,GM2A,protein/gene,,
,55_40386041.pdf,10.1016/j.ymgmr.2025.101225,Abstract,case report,in vivo,human,disease_phenotype_positive,has_phenotype,GM2 activator deficiency,phenotype,neurodegeneration,phenotype,,
,55_40386041.pdf,10.1016/j.ymgmr.2025.101225,Abstract,case report,in vivo,human,disease_phenotype_positive,association,Tay-Sachs disease,disease,GM2 activator deficiency,phenotype,similar phenotype,
,55_40386041.pdf,10.1016/j.ymgmr.2025.101225,Abstract,case report,in vivo,human,disease_phenotype_positive,association,infantile-onset Tay-Sachs disease,disease,nystagmus,phenotype,,
,55_40386041.pdf,10.1016/j.ymgmr.2025.101225,Abstract,case report,in vivo,human,disease_phenotype_positive,association,infantile-onset Tay-Sachs disease,disease,axial hypotonia,phenotype,,
,55_40386041.pdf,10.1016/j.ymgmr.2025.101225,Abstract,case report,in vivo,human,disease_phenotype_positive,association,infantile-onset Tay-Sachs disease,disease,hyperacusis,phenotype,,
,55_40386041.pdf,10.1016/j.ymgmr.2025.101225,Abstract,case report,in vivo,human,disease_mutation,mutation,infantile-onset Tay-Sachs disease,disease,c.262_264del (p.Lys88del),mutation,,
,56_40423067.pdf,10.3390/jpm15050196,Abstract,original article,in vivo+in vitro,human cells+mouse,disease_protein,mutation,rhHex-A,drug,HEXB gene expression,protein/gene,,
,56_40423067.pdf,10.3390/jpm15050196,Abstract,original article,in vivo+in vitro,human cells+mouse,drug_effect,reduces,rhHex-A,drug,degraded GM2 ganglioside,phenotype,,
,56_40423067.pdf,10.3390/jpm15050196,Abstract,original article,in vivo+in vitro,human cells+mouse,drug_effect,reduces,rhHex-A,drug,rescued lysosomal accumulation,phenotype,,
,57_40430919.pdf,10.3390/pharmaceutics17050628,Abstract,original article,in vitro,human cells,disease_protein,deficiency,Tay-Sachs disease,disease,β-hexosaminidase A,protein/gene,,
,57_40430919.pdf,10.3390/pharmaceutics17050628,Abstract,original article,in vitro,human cells,drug_effect,increases,PP6D5-mediated CRISPR/nCas9,drug,increased HexA activity,phenotype,,
,57_40430919.pdf,10.3390/pharmaceutics17050628,Abstract,original article,in vitro,human cells,drug_effect,reduces,PP6D5-mediated CRISPR/nCas9,drug,reduced lysosomal mass,phenotype,,
,58_40526437.pdf,10.1172/JCI183434,Abstract,original article,in vivo,animal,disease_protein,mutation,Late-onset Tay-Sachs disease,disease,HEXA gene,protein/gene,,
,58_40526437.pdf,10.1172/JCI183434,Abstract,original article,in vivo,animal,disease_mutation,mutation,Late-onset Tay-Sachs disease,disease,c.805G>A,mutation,,
,58_40526437.pdf,10.1172/JCI183434,Abstract,original article,in vivo,animal,drug_effect,increase,AAV-PHP.eB carrying the ABE,drug,increased β-hexosaminidase activity,phenotype,,
,58_40526437.pdf,10.1172/JCI183434,Abstract,original article,in vivo,animal,drug_effect,reduces,AAV-PHP.eB carrying the ABE,drug,reduced GM2 ganglioside accumulation,phenotype,,
,58_40526437.pdf,10.1172/JCI183434,Abstract,original article,in vivo,animal,drug_effect,delays,AAV-PHP.eB carrying the ABE,drug,extended lifspan,phenotype,,
,59_40543381.pdf,10.1016/j.ymgme.2025.109180,Abstract,original article,in vivo,animal,disease_phenotype_positive,association,Tay-Sachs disease,disease,lyso-platelet activating factors accumulation,phenotype,,
,59_40543381.pdf,10.1016/j.ymgme.2025.109180,Abstract,original article,in vivo,animal,drug_effect,reduces,AAV gene therapy,drug,reduced lyso-PAF accumulation,phenotype,,
,62_40783605.pdf,10.1007/s12031-025-02395-8,Abstract,original article,in vivo,mice,disease_protein,mutation,Tay-Sachs disease,disease,HEXA,protein/gene,,
,62_40783605.pdf,10.1007/s12031-025-02395-8,Abstract,original article,in vivo,mice,disease_phenotype_positive,,Tay-Sachs disease,disease,neurodegeneration,phenotype,,
,62_40783605.pdf,10.1007/s12031-025-02395-8,Abstract,original article,in vivo,mice,disease_phenotype_positive,,Tay-Sachs disease,disease,neuroinflammation,phenotype,,
,62_40783605.pdf,10.1007/s12031-025-02395-8,Abstract,original article,in vivo,mice,disease_phenotype_positive,,Tay-Sachs disease,disease,elevated levels of proinflammatory cytokines,phenotype,,
,62_40783605.pdf,10.1007/s12031-025-02395-8,Abstract,original article,in vivo,mice,disease_phenotype_positive,,GM2 gangliosidosis,disease,miR-708-5p upregulation,phenotype,,
,62_40783605.pdf,10.1007/s12031-025-02395-8,Abstract,original article,in vivo,mice,disease_phenotype_positive,,GM2 gangliosidosis,disease,miR-672-5p upregulation,phenotype,,
,62_40783605.pdf,10.1007/s12031-025-02395-8,Abstract,original article,in vivo,mice,disease_phenotype_positive,,GM2 gangliosidosis,disease,miR-204-5p upregulation,phenotype,,
,62_40783605.pdf,10.1007/s12031-025-02395-8,Abstract,original article,in vivo,mice,disease_phenotype_positive,,GM2 gangliosidosis,disease,miR-335-5p upregulation,phenotype,,
,62_40783605.pdf,10.1007/s12031-025-02395-8,Abstract,original article,in vivo,mice,disease_phenotype_positive,,GM2 gangliosidosis,disease,miR-296-3p upregulation,phenotype,,
,62_40783605.pdf,10.1007/s12031-025-02395-8,Abstract,original article,in vivo,mice,disease_phenotype_positive,,GM2 gangliosidosis,disease,miR-10 b-5p downregulation,phenotype,,
,62_40783605.pdf,10.1007/s12031-025-02395-8,Abstract,original article,in vivo,mice,disease_phenotype_positive,,GM2 gangliosidosis,disease,miR-10 b-5p downregulation,phenotype,,
,62_40783605.pdf,10.1007/s12031-025-02395-8,Abstract,original article,in vivo,mice,disease_phenotype_positive,,GM2 gangliosidosis,disease,miR-615-3p downregulation,phenotype,,
,62_40783605.pdf,10.1007/s12031-025-02395-8,Abstract,original article,in vivo,mice,disease_phenotype_positive,,GM2 gangliosidosis,disease,miR-196a-5p downregulation,phenotype,,
,62_40783605.pdf,10.1007/s12031-025-02395-8,Abstract,original article,in vivo,mice,disease_phenotype_positive,,GM2 gangliosidosis,disease,miR-214-5p downregulation,phenotype,,
,62_40783605.pdf,10.1007/s12031-025-02395-8,Abstract,original article,in vivo,mice,disease_phenotype_positive,,GM2 gangliosidosis,disease,miR-199a-5p downregulation,phenotype,,
, 63_40817303.pdf, 63_40817303 (article 63),Abstract,original article,in vivo,human,drug_effect,improves,AXO-AAV-GM2,drug,neurocognitive function,phenotype,Clinical Study Protocol ,
, 63_40817303.pdf, 63_40817303 (article 63),Abstract,original article,in vivo,human,drug_effect,improves,AXO-AAV-GM2,drug,motor function,phenotype,Clinical Study Protocol ,
, 63_40817303.pdf, 63_40817303 (article 63),Abstract,original article,in vivo,human,drug_drug,improves,AXO-AAV-GM2,drug,rAAVrh8-HEXA and HEXB,drug,Clinical Study Protocol ,
,64_40819571.pdf,64_40819571(article 64),Abstract,original article,in vitro,human cells,disease_protein,mutation,Tay-Sachs disease,disease,HEXA,protein/gene,,
,64_40819571.pdf,64_40819571(article 64),Abstract,original article,in vitro,human cells,disease_protein,deficiency,Tay-Sachs disease,disease,β-hexosaminidase A,protein/gene,,
,64_40819571.pdf,64_40819571(article 64),Abstract,original article,in vitro,human cells,disease_phenotype_positive,causes,Tay-Sachs disease,disease,GM2 accumulation,phenotype,,
,64_40819571.pdf,64_40819571(article 64),Abstract,original article,in vitro,human cells,disease_phenotype_positive,causes,Late-onset Tay-Sachs disease,disease,spinal motor neuron degeneration,phenotype,,
,64_40819571.pdf,64_40819571(article 64),Abstract,original article,in vitro,human cells,disease_mutation,causes,Tay-Sachs disease,disease,c.805G > A (p.Gly269Ser),mutation,,
,64_40819571.pdf,64_40819571(article 64),Abstract,original article,in vitro,human cells,mutation_protein,causes,HEXA,protein/gene,c.805G > A (p.Gly269Ser),mutation,,
,66_40852472.pdf,10.1016/j.ajoc.2025.102381,Abstract,case report,in vivo,human,disease_phenotype_positive,deficiency,Tay-Sachs disease,disease,low hexosaminidase A level,phenotype,,
,66_40852472.pdf,10.1016/j.ajoc.2025.102381,Abstract,case report,in vivo,human,disease_phenotype_positive,association,Tay-Sachs disease,disease,macular brown spot,phenotype,,
,66_40852472.pdf,10.1016/j.ajoc.2025.102381,Abstract,case report,in vivo,human,phenotype_phenotype,association,macular brown spot,phenotype,cherry-red spot,phenotype,,
,66_40852472.pdf,10.1016/j.ajoc.2025.102381,Abstract,case report,in vivo,human,phenotype_anatomy,association,Eyes,anatomy,macular brown spot,phenotype,,
,66_40852472.pdf,10.1016/j.ajoc.2025.102381,Abstract,case report,in vivo,human,phenotype_anatomy,association,Eyes,anatomy,perifoveal whitening,phenotype,,
,66_40852472.pdf,10.1016/j.ajoc.2025.102381,Abstract,case report,in vivo,human,disease_phenotype_positive,association,Tay-Sachs disease,disease,ophthalmic manifestations,phenotype,,
,66_40852472.pdf,10.1016/j.ajoc.2025.102381,Abstract,case report,in vivo,human,disease_phenotype_positive,association,Tay-Sachs disease,disease,poor visual acuity,phenotype,,
,66_40852472.pdf,10.1016/j.ajoc.2025.102381,Abstract,case report,in vivo,human,disease_phenotype_positive,association,Tay-Sachs disease,disease,hyperacusis,phenotype,,
,66_40852472.pdf,10.1016/j.ajoc.2025.102381,Abstract,case report,in vivo,human,disease_phenotype_positive,association,Tay-Sachs disease,disease,ophthalmic manifestations,phenotype,,
,67_40916664.pdf,10.1242/bio.062045,Abstract,original article,in vivo,animal,disease_protein,mutation,Tay-Sachs disease,disease,HEXA,protein/gene,,
,67_40916664.pdf,10.1242/bio.062045,Abstract,original article,in vivo,animal,disease_phenotype_positive,causes,Tay-Sachs disease,disease,GM2 ganglioside accumulation,phenotype,,
,67_40916664.pdf,10.1242/bio.062045,Abstract,original article,in vivo,animal,disease_phenotype_positive,causes,Tay-Sachs disease,disease,neurodegeneration,phenotype,,
,68_40942141.pdf,10.3390/molecules30173615,Abstract,original article,in vitro,N/A,disease_protein,deficiency,Tay-Sachs disease,disease,β-hexosaminidase,protein/gene,,
,68_40942141.pdf,10.3390/molecules30173615,Abstract,original article,in vitro,N/A,disease_phenotype_positive,causes,Tay-Sachs disease,disease,GM2 accumulation,phenotype,,
,68_40942141.pdf,10.3390/molecules30173615,Abstract,original article,in vitro,N/A,bioprocess_protein,synthesis,"β1,4-N-acetylgalactosaminyltransferase 1",protein,GM2 ganglioside synthesis,biological_process,,
,69_40946809.pdf,10.1016/j.nbd.2025.107099,Abstract,original article,in vitro,human cells,disease_protein,deficiency,Tay-Sachs disease,disease,β-hexosaminidase A α-subunit deficiency ,protein/gene,,
,69_40946809.pdf,10.1016/j.nbd.2025.107099,Abstract,original article,in vitro,human cells,anatomy_protein_present,,central nervous system,anatomy,GM2 ganglioside accumulation,protein/gene,,
,69_40946809.pdf,10.1016/j.nbd.2025.107099,Abstract,original article,in vitro,human cells,disease_phenotype_positive,,Tay-Sachs disease,disease,seizures,phenotype,,
,69_40946809.pdf,10.1016/j.nbd.2025.107099,Abstract,original article,in vitro,human cells,disease_phenotype_positive,,Tay-Sachs disease,disease,mental retardation,phenotype,,
,69_40946809.pdf,10.1016/j.nbd.2025.107099,Abstract,original article,in vitro,human cells,phenotype_phenotype,,GM2 ganglioside accumulation,phenotype,postsynaptic receptors upregulation,phenotype,,
,69_40946809.pdf,10.1016/j.nbd.2025.107099,Abstract,original article,in vitro,human cells,phenotype_phenotype,,GM2 ganglioside accumulation,phenotype,abnormally elevated Ca2+ influx,phenotype,,
,69_40946809.pdf,10.1016/j.nbd.2025.107099,Abstract,original article,in vitro,human cells,phenotype_anatomy,,neurons,anatomy,increased cell death,phenotype,,
,69_40946809.pdf,10.1016/j.nbd.2025.107099,Abstract,original article,in vitro,human cells,phenotype_phenotype,,GM2 ganglioside accumulation,phenotype,increased cell death,phenotype,,
,69_40946809.pdf,10.1016/j.nbd.2025.107099,Abstract,original article,in vitro,human cells,molfunc_molfunc,,ATP-binding cassette subfamily C member 1 transporter activation,molecular_function,"improved the abnormal
synaptic function",molecular_function,,
,???,10.1016/j.nbd.2025.107199,Abstract,original article,in vitro,human cells,disease_phenotype_positive,causes,Tay-Sachs disease,disease,GM2 accumulation,phenotype,,
,???,10.1016/j.nbd.2025.107199,Abstract,original article,in vitro,human cells,drug_effect,reduces,thiethylperazine,drug,GM2 accumulation,phenotype,,
,???,10.1016/j.nbd.2025.107199,Abstract,original article,in vitro,human cells,drug_protein,activates,thiethylperazine,drug,ABCC1 transporter,protein/gene,,
,70_41092388.pdf,10.1093/qjmed/hcaf246,Abstract,original article,in vivo,human,disease_protein,mutation,Tay-Sachs disease,disease,HEXA variant,protein,,
,70_41092388.pdf,10.1093/qjmed/hcaf246,Abstract,original article,in vivo,human,disease_disease,association,Tay-Sachs disease,disease,hearing loss disorder,disease,dual diagnosis,
,70_41092388.pdf,10.1093/qjmed/hcaf246,Abstract,original article,in vivo,human,mutation_protein,,missense COL4A6 variant,protein/gene,c.1480G>A p.(Gly494Arg),mutation,hearing loss disorder,
,70_41092388.pdf,10.1093/qjmed/hcaf246,Abstract,original article,in vivo,human,phenotype_protein,,missense COL4A6 variant,protein/gene,hearing loss ,phenotype,,
,70_41092388.pdf,10.1093/qjmed/hcaf246,Abstract,original article,in vivo,human,phenotype_protein,,HEXA variant,protein/gene,c.902T>G p.(Met301Arg),mutation,Tay-Sachs disease features,
,70_41092388.pdf,10.1093/qjmed/hcaf246,Abstract,original article,in vivo,human,phenotype_protein,,synonymous COL4A6 variant,protein/gene,c.1767G>A p.(Pro589=),mutation,,
,70_41092388.pdf,10.1093/qjmed/hcaf246,Abstract,original article,in vivo,human,bioprocess_protein,,synonymous COL4A6 variant,protein/gene,partial exon skipping,biological_process,,
,70_41092388.pdf,10.1093/qjmed/hcaf246,Abstract,original article,in vivo,human,phenotype_protein,,synonymous COL4A6 variant,protein/gene,hearing loss,phenotype,,
,70_41092388.pdf,10.1093/qjmed/hcaf246,Abstract,original article,in vivo,human,mutation_protein,,"splice-site variant
in DYM",protein/gene,c.1125 + 1G>T p.?),mutation,,
,70_41092388.pdf,10.1093/qjmed/hcaf246,Abstract,original article,in vivo,human,disease_mutation,,"splice-site variant
in DYM",mutation,Dyggve-Melchior-Clausen disease,disease,,
,71_41108138.pdf,10.1016/j.gim.2025.101615,Introduction (khổ cuối),original article,in vivo,human,drug_effect,decreases,venglustat,drug,decreased GM2 ganglioside levels,phenotype,,
,71_41108138.pdf,10.1016/j.gim.2025.101615,Introduction (khổ cuối),original article,in vivo,human,disease_protein,deficiency,Tay-Sachs disease,disease,HEXA,protein/gene,,
,71_41108138.pdf,10.1016/j.gim.2025.101615,Introduction (khổ cuối),original article,in vivo,human,disease_protein,deficiency,Sandhoff disease,disease,HEXB,protein,,
,71_41108138.pdf,10.1016/j.gim.2025.101615,Introduction (khổ cuối),original article,in vivo,human,drug_effect,causes,venglustat,drug,late-onset GM2 gangliosidoses,disease,,
,71_41108138.pdf,10.1016/j.gim.2025.101615,Introduction (khổ cuối),original article,in vivo,human,drug_effect,causes,venglustat,drug,fall,phenotype,adverse events,
,71_41108138.pdf,10.1016/j.gim.2025.101615,Introduction (khổ cuối),original article,in vivo,human,drug_effect,causes,venglustat,drug,headache,phenotype,adverse events,
,71_41108138.pdf,10.1016/j.gim.2025.101615,Introduction (khổ cuối),original article,in vivo,human,drug_effect,causes,venglustat,drug,COVID-19,disease,adverse events,
,72_41111867.pdf,10.7759/cureus.92445,Abstract,case report,in vivo,human,disease_protein,mutation,GM2 gangliosidosis AB variant,disease,GM2A,protein/gene,,
,72_41111867.pdf,10.7759/cureus.92445,Abstract,case report,in vivo,human,disease_phenotype_positive,association,GM2 gangliosidosis AB variant,disease,neurodegeneration,phenotype,,
,72_41111867.pdf,10.7759/cureus.92445,Introduction (khổ cuối),case report,in vivo,human,disease_phenotype_positive,association,GM2 gangliosidosis AB variant,disease,cherry-red spot,phenotype,,
,72_41111867.pdf,10.7759/cureus.92445,Introduction (khổ cuối),case report,in vivo,human,disease_disease,is_a,GM2 gangliosidosis AB variant,disease,Tay-Sachs disease-like disorder,disease,,
,73_41261131.pdf,10.1038/s41586-025-09732-2,Introduction (khổ cuối),original article,in vitro,human,drug_bioprocess,restores,prime editing,drug,protein translation readthrough of stop codons,biological_process,,
,73_41261131.pdf,10.1038/s41586-025-09732-2,Introduction (khổ cuối),original article,in vitro,human,disease_protein,mutation,Tay-Sachs disease,disease,HEXA nonsense mutation,protein/gene,,
,73_41261131.pdf,10.1038/s41586-025-09732-2,Introduction (khổ cuối),original article,in vitro,human,drug_effect,increases,prime editing,drug,enzyme activity restoration,phenotype,,
,73_41261131.pdf,10.1038/s41586-025-09732-2,Introduction (khổ cuối),original article,in vivo,mouse,drug_effect,rescues,prime editing,drug,rescued disease pathology,phenotype,,