,entity_name,original_entity_types
15,reactive microglia,['phenotype']
16,TREM2-mTOR signaling,['pathway']
17,deleted Trem2,['Gene therapy']
18,microglial function,['biological_process']
19,changed morphology of microglia,['phenotype']
33,cholesterol accumlation,['phenotype']
34,neurogenetic disease,['disease']
36,intracellular cholesterol trafficking,"['biological_process', 'pathway', 'phenotype']"
38,mitochondrial cholesterol accumulation,"['pathology', 'phenotype']"
43,brain microvascular endothelial cells,['anatomy']
46,poly-β-cyclodextrin,['drug']
50,poly-β-cyclodextrin-benzimidazole supramolecular nanoassembly,['drug']
56,liver−spleen region,['anatomy']
57,alteration of sphingolipids,['phenotype']
60,6-O-α-maltosyl-β-CD,['drug']
61,2-hydroxypropyl-γ-CD,['drug']
63,fibroblast-to-myofibroblast differentiation,['biological_process']
70,lysosomal lipid storage,['disease']
71,renal volume and weight,['phenotype']
78,endolysosomal compartment,['cellular_component']
79,sphingomyelin accumulation,['phenotype']
82,loose cell bodies,['phenotype']
84,autosomal recessive neurovisceral disease,['disease']
85,systemic organ lesions,['phenotype']
89,pathological changes in kidneys,['phenotype']
92,accumulation of free cholesterol,['phenotype']
95,human-derived low-density lipoprotein,['exposure']
96,fatal neurodegenerative disease,['disease']
107,"Cholestane-3β,5α,6β-triol","['exposure', 'phenotype']"
108,oncosterone,['phenotype']
109,"cholestane-5α,6β-diol-3β-sulfonate",['chemical']
114,Niemann-Pick-type-C 1,['protein/gene']
118,prothoracic gland,['anatomy']
121,N-palmitoyl-O-phosphocholineserine,"['biological_process', 'drug', 'phenotype', 'protein/gene']"
123,lyso-sphingolipids,"['biological_process', 'phenotype']"
128,neurodegenerative lysosomal storage disorder,"['disease', 'phenotype']"
131,elevated levels of free pro-resolving fatty acid epoxides,['phenotype']
133,soluble epoxide hydrolase pathways,['pathway']
135,elevated myristic acid,['phenotype']
136,lysosomal accumulation of cholesterol,['phenotype']
142,elevated myristic,['phenotype']
143,elevated palmitoleic acid,['phenotype']
149,Glioblastoma stem-like cells viability,['phenotype']
150,lysosome abundance,['phenotype']
154,derived Glioblastoma stem-like cells,['phenotype']
155,NPC lysosomal cholesterol transporters,['protein/gene']
156,MALT1 loss-of-function phenotypes,['phenotype']
157,Glioblastoma stem-like cells fitness,['anatomy']
159,signaling downstream of G protein-coupled receptors,['biological_process']
160,dearth in the lysosome loading of cholesterol transporter,['phenotype']
166,CG lipid burden,['phenotype']
167,autophagic flux,"['biological_process', 'phenotype']"
174,highly heterogeneous phenotypes,['phenotype']
178,underlying molecular pathophysiology,['pathology']
179,symtomatic therapy,['exposure']
180,2-hydroxypropyl-γ-cyclodextrin,['drug']
181,Niemann–Pick Class 1 (NPC1) disease,['disease']
182,severe acute liver failure,['pathology']
185,Huntington’s disease,['disease']
201,Microglial hyperactivity,['phenotype']
202,Shortened life span,['phenotype']
209,bor1 knockout,['Gene therapy']
214,Deuterium-labeled cholesterol-dextran,['chemical']
218,alteration of serum oxysterols,['phenotype']
219,amyloid- 1–42 deposition,['phenotype']
221,low cerebrospinal fluid (CSF) Amyloid- 1–42 (A) levels,['phenotype']
225,spleen biospies,['anatomy']
230,Hippocampal brain regions,['anatomy']
231,Dentate gyrus regions,['anatomy']
242,6-O-α-maltosyl-β cyclodextrin,['drug']
246,progressive neurological degeneration,['disease']
248,sterol absorption,['biological_process']
250,c.1947+5G>C,['protein/gene']
251,cellular cholesterol trafficking,['biological_process']
252,endo-lysosomal network,['cellular_component']
253,cryptic splice donor site,['pathology']
254,third transmembrane domain,['anatomy']
256,neuro-visceral disease,['disease']
257,"homozygous c2861C>T, p.S954L",['phenotype']
260,lethal genetic disease,['disease']
263,defective cholesterol trafficking,['biological_process']
265,"homozygous c.3560C>T, p.A1187V",['phenotype']
270,"2-hydroxypropyl-beta-cyclodextrin (VTS-270, adrabetadex)",['drug']
271,"adrabetadex (2-hydroxypropyl-beta-cyclodextrin, VTS-270)",['drug']
278,anti-NMDARE psychosis,['disease']
285,Alzheimer’s disease,['disease']
288,Intracellular trafficking of cholesterol,['biological_process']
298,steroidogenic acute regulatory protein D1,['protein/gene']
304,transbilayer transport of some hydrophobic molecules,['biological_process']
305,transporting molecules in the cell,['biological_process']
306,Neimann-Pick types A and B,['disease']
309,neurodegenerative lysosomal disease,['disease']
314,cationic amphiphilic agents,['drug']
321,elevated oxysterols,"['anatomy', 'phenotype']"
342,TUJ1-positive neurite density,['phenotype']
343,KEAP1− NRF2 axis,['biological_process']
344,p62/SQSTM1− KEAP1,['biological_process']
345,p62/SQSTM1− NRF2 axis,['biological_process']
346,neuronal network formation,['biological_process']
349,AAV-PHP.B vector,['Gene therapy']
355,multiple lipid species accumulate,['phenotype']
357,late lysosomal and endosomal compartments,['cellular_component']
358,heat shock response 70,['protein/gene']
359,pathways of liver damage,['pathway']
362,lysosomal differentially expressed proteins,['cellular_component']
366,oligodendrocyte progenitor differentiation,['biological_process']
371,abnormal endosomal–lysosomal trafficking,['phenotype']
372,accumulation of tissue-specific lipids,['phenotype']
378,nanostructural disease,['disease']
379,immobile IP3Rs clusters,['phenotype']
380,decreased ER Ca2+ levels,['phenotype']
381,"Nieman-Pick disease, type C1",['disease']
382,"Nieman-Pick disease, type C2",['disease']
383,"Nieman-Pick disease, type C3",['disease']
384,nuclear factor of activated T-cells signaling,['pathway']
385,increased mitochondrial Ca2+,['phenotype']
386,severe biochemical phenotype,['phenotype']
387,accumulation of GM3 gangliosides,['phenotype']
390,impaired axonal lysosomal transport,['phenotype']
391,formation of multi-laminar storage bodies,['phenotype']
392,Lo microdomain formation,['biological_process']
395,rare neurovisceral lipid storage disease,['disease']
397,Alzheimer's features,['phenotype']
398,"dysfunctionality of the
blood-cerebrospinal fluid barrier",['phenotype']
399,choriod plexus,['anatomy']
400,increase in inflammatory gene expression,['phenotype']
402,massive increase in autophagosomes,['phenotype']
403,enlarged extracellular vesicles,['anatomy']
407,blood-cerebrospinal fluid enlarged extracellular vesicles,['anatomy']
413,founder French-Canadian pathogenic variant,['phenotype']
423,microglial homeostasis,['phenotype']
425,CD22 blocking antibodies,['drug']
429,soluble CD22,['protein/gene']
433,myelin debris,['molecular_function']
435,rare lysosomal storage disorder,['disease']
439,hepatocyte-like cells,['anatomy']
442,post-ER glycoforms,['molecular_function']
445,neurovisceral lipid storage disease,['disease']
446,Neurovisceral lipid storage,['disease']
447,Mesenchymal stromal cell-derived extracellular vesicles,['Cell therapy']
452,retromer dysfunction,['phenotype']
455,progressive lysosomal storage disorder,['disease']
457,increased plasma granulocyte-colony stimulating factor by 2-fold,['phenotype']
458,mild neutrophilia.,['phenotype']
460,splenic monocytes,['anatomy']
461,splenic neutrophils,['anatomy']
463,increase long term hematopoietic stem in cells spleen,['phenotype']
464,increase short term hematopoietic stem cells in spleen,['phenotype']
465,increase long term hematopoietic stem cells in spleen,['phenotype']
466,increase short term hematopoietic stem in cells spleen,['phenotype']
467,decrease long term hematopoietic stem in bone marrow,['phenotype']
468,decrease short term hematopoietic stem cells in bone marrow,['phenotype']
469,decrease long term hematopoietic stem cells in bone marrow,['phenotype']
470,decrease short term hematopoietic stem in bone marrow,['phenotype']
471,lysosomal storage defects,['disease']
477,post-lysosomal/late endosomal transport,['biological_process']
480,deep brain signs,['phenotype']
481,glycolipid and cholesterol trafficking,['biological_process']
489,defective fusion of autophagosomes,['phenotype']
490,defective fusion of lysosomes,['phenotype']
492,reduced lysosomal transport,['phenotype']
497,p.lle1061Thr protein,['protein/gene']
499,Nieman–­Pick disease type C,['disease']
501,missense change,['phenotype']
503,liver protection drugs,['drug']
509,eukaryotic initiation factor 3D,['protein/gene']
512,liver X receptor β,['protein/gene']
514,vacuolated Kupffer cells,['phenotype']
516,T1-12,['molecular_function']
520,transport of unesterified cholesterol,['biological_process']
523,delayed the onset of weight loss,['phenotype']
524,delayed the onset of motor impairment,['phenotype']
525,delay the onset of Purkinje neuron death,['phenotype']
526,improved  hepatosplenic pathology,['phenotype']
531,AAV-BR1,['drug']
533,Transduced primary brain endothelial cells,['anatomy']
537,complex asparagine-linked glycosylation,['biological_process']
538,NPC1 knock-out,['protein/gene']
539,deficient in MGAT5,['phenotype']
540,reduction in complex asparagine-linked glycosylation,['phenotype']
541,reduced asparagine-linked glycosylation,['phenotype']
543,MGATS,['protein/gene']
546,increased immune response,['phenotype']
548,Depletion of BLOC one-related complex,['phenotype']
549,Depletion of ADP-ribosylation factor-like GTPase 8,['phenotype']
550,Depletion homotypic fusion and protein sorting,['phenotype']
551,Depletion BORC-ARL8-HOPS,['phenotype']
552,BORC-ARL8-HOPS ensemble,['biological_process']
556,GRMZM2G083176,['protein/gene']
557,qKW-1,['protein/gene']
559,lysosomal cholesterol homeostasis,"['biological_process', 'phenotype']"
562,NPC1 deficiency,"['phenotype', 'protein/gene']"
563,Iron homeostasis dysregulation,['biological_process']
565,Fluctuation score,['phenotype']
571,NPC1 cerebellum dysfunction,['pathology']
572,mycobacterial cell wall lipids,['exposure']
573,Pathogenic mycobacteria,['exposure']
577,proteostasis modulators,['drug']
583,isogenic induced pluripotent stem cells,['anatomy']
588,intracellular cholesterol defect,['phenotype']
595,lysosomal Ca2+ efflux,['biological_process']
600,lysosomal membrane permeabilization,"['biological_process', 'phenotype']"
602,"cationic amphiphilic
drugs",['drug']
603,lysosomal leakage,['phenotype']
604,brain capillary endothelial cells,['anatomy']
606,recombinant human heat shock protein 70,"['drug', 'protein/gene']"
616,2-Hydroxypropyl-β-cyclodextrin containing polyrotaxanes,['drug']
617,decaarginine endcapped polyrotaxanes,['drug']
618,4-sulfobutylether-β-cyclodextrin,['drug']
619,inherited autosomal-recessive endolysosomal storage disease,['disease']
620,2-hydroxypropyl-ß-cyclodextrin,['drug']
621,"combination of miglustat, allopregnanolone, and 2-hydroxypropyl-ß-cyclodextrin",['drug']
622,cholesterol trafficking proteins,['biological_process']
623,p.C113Y,['protein/gene']
624,p.A927V,['protein/gene']
627,attenuating neuroinflammation,['phenotype']
628,reducing excitotoxicity.,['phenotype']
629,upregulated SERPINC1,['phenotype']
644,cholesterol movement,['biological_process']
646,Neuronal ceroid lipofuscinoses type 3,['disease']
649,LPLA2 (Lysosomal phospholipase A2),['protein/gene']
650,cholesterol accumulation phenotype,['phenotype']
651,late endosome cholesterol accumulation,['phenotype']
652,lysosome cholesterol accumulation,['phenotype']
654,late endosome morphology,['phenotype']
656,Depletion of StARD9,['phenotype']
659,late endosome tubulation,"['biological_process', 'phenotype']"
660,lysosome  tubulation,['biological_process']
661,projection of cholesterol-containing membrane tubules,['biological_process']
663,kinesin domain,['molecular_function']
664,autosomal recessive neurodegenerative lysosomal disorder,['disease']
666,"Phosphatase and Tensin Homolog
Deleted on Chromosome 10 gene (Pten-cHet)",['protein/gene']
670,endolysosomal transmembrane,['cellular_component']
671,export of cholesterol and sphingolipids,['biological_process']
672,NPC phenotypes,['phenotype']
675,Iron deprivation,"['cellular_component', 'exposure']"
676,loss of Ncr1,['phenotype']
678,Niemann-Pick disease type C (NP-C),['disease']
687,rescues cholesterol accumulation,['phenotype']
688,rescues sphingolipid accumulation.,['phenotype']
692,Neonatal bone marrow-derived cell transplantation,['Cell therapy']
693,mature lymphocyte depletion,['phenotype']
695,enhanced the survival of Purkinje cells,['phenotype']
696,enhanced the onset of the neurological phenotype,['phenotype']
697,progression of Purkinje cell degeneration,['phenotype']
698,Adeno-associated viral vector-mediated gene therapy,['Cell therapy']
699,NPC1 promoter,['protein/gene']
700,AAV9 vector for gene therapy,['Gene therapy']
703,Adeno-associated viral vector-mediated,['Gene therapy']
704,high NPC1 expression,['phenotype']
706,improved behavioural phenotypes,['phenotype']
707,attenuated neuropathology,['phenotype']
709,impaired oligodendrocyte lineage maturation,['phenotype']
710,diminished H3K27me3,['phenotype']
712,oligodendrocyte lineage maturation,['biological_process']
713,low expression tyrosinase,['phenotype']
716,KV2–CaV,['pathway']
717,rescues aberrant CaV1.2 clustering,['phenotype']
718,elevations in mitochondrial caltrium,['phenotype']
719,enhanced Ca2+ signaling,['phenotype']
724,decreased cerebrospinal fluid Ubiquitin C-terminal hydrolase-L1 levels,['phenotype']
731,Cyclodextrins complexes with unesterified cholesterol,['drug']
733,cerebrospinal fluid neurodegeneration,['protein/gene']
735,central nervous system cholesterol metabolism,['biological_process']
741,brainiac mutants,['protein/gene']
742,Elevated neurotransmission,['phenotype']
745,Glycosphingolipid synthesis mutants,['protein/gene']
746,Glycosphingolipid-dependent neurotransmission,['phenotype']
749,Glycosphingolipid accumulation,['phenotype']
751,Ablated TMEM241,['phenotype']
753,TMEM241 ablation,['protein/gene']
757,left frontotemporal networks,['anatomy']
758,subcortical networks,['anatomy']
760,lacking NCR1,['phenotype']
761,lacking NPC2,['phenotype']
763,ingestion of  lipid vesicles into vacuoles,['biological_process']
766,increased phosphorylation of T286 on CaMKIIα,['phenotype']
767,increased phosphorylation of S1303 on NR2B,['phenotype']
769,cerebellar- cerebral circuitry,['anatomy']
771,Niemann-Pick Disease Type C brain,['anatomy']
772,delayed onset of interferon signaling,['phenotype']
773,lower oxidative stress,['phenotype']
783,sterol movement,['biological_process']
785,chloride channel target therapy,['drug']
787,non-selective chloride channel blockers,['drug']
789,SOAT1 inhibitors,['drug']
790,earlier age of neurological onset,['phenotype']
793,more severe NPC1 phenotype,['phenotype']
795,SCAR/WAVE complex proteins,['protein/gene']
796,regulate ARP 2/3 actin nucleation,['biological_process']
802,NPC1 dysfunction,['pathology']
807,"Friedreich’s
ataxia",['disease']
810,Dystonic movement disorders,['phenotype']
814,autophagy-NAD axis,"['biological_process', 'pathway']"
815,autophagy deﬁcit,['phenotype']
816,autophagy reactivation,['biological_process']
817,NAD precursos supplement,['biological_process']
819,dysfunctional autophagy,['pathology']
824,Menstrual blood-derived endometrial stem cells,"['Cell therapy', 'anatomy']"
825,Increased p-JAK2/JAK2 ratio,['phenotype']
826,Increased p-STAT3/STAT3 ratio,['phenotype']
827,Niemann-Pick Type C (NP-C),['disease']
830,suspected NP-C,['disease']
831,Lipid-degrading enzymes,['protein/gene']
832,bis(monoacylglycero)phosphate (BMP),['phenotype']
834,AAV9-hNPC1,['drug']
837,primary endothelial cells,['anatomy']
839,cellular pathology (NPC),['disease']
842,mo56-hydroxycholesterol,['GRAS/Excipient/prodrug']
843,I1061T NPC1,['protein/gene']
845,N-alkyl iminosugars,"['GRAS/Excipient/prodrug', 'drug']"
847,GBA2 inhibitors,['GRAS/Excipient/prodrug']
848,b-D-arabinofuranosyl cyclitol aziridine,['Gene therapy']
849,Fluorescent b-D-Araf aziridine probes,['Gene therapy']
851,cyclophellitol aziridine Activity-Based Probe,['Gene therapy']
852,Activity-Based Probe 7,['Gene therapy']
853,Activity-Based Probe 8,['Gene therapy']
854,cytosolic b-glucosidase,['cellular_component']
855,b-D-Araf aziridine configuration,['GRAS/Excipient/prodrug']
857,intracellular cholesterol transport inhibitor,['drug']
858,aberrant mGluR5 lysosomal accumulation,['phenotype']
859,Extraction of cholesterol,['biological_process']
860,Intracellular accumulation of mGluR5,['phenotype']
862,cholesterol accumulates in NPC1-deficient lysosomes,['phenotype']
864,cholesterol uptake gene,['protein/gene']
866,ailments (Niemann-Pick Disease Type C),['disease']
873,pac-modified cholesterol,['lipid']
874,nitrobenzoxadiazole-phospholipids,['lipid']
875,photo-activatable and clickable-phospholipids,['lipid']
877,pac-sphingosine,['lipid']
878,polyphenol-rich methanol extracts from Rosa canina L. (RCME),['drug']
881,plasma phosphorylated-tau217,['protein/gene']
883,Myeloid Npc1 deletion,['protein/gene']
886,injured livers,['anatomy']
887,myeloid Npc1,['protein/gene']
890,intrathecal 2-hydroxypropyl-β-cyclodextrin,['drug']
897,LysoSM509,['protein/gene']
901,endo-lysosomal trafficking pathway,['pathway']
902,mitochondrial-lysosomal contacts,['cellular_component']
904,TGF-β pathway,['pathway']
907,Defectived in cholesterol transport,['protein/gene']
909,AAV-BR1-NPC2,['Gene therapy']
912,hydroxy-15-azasterol,['drug']
917,cis-PTase,['protein/gene']
918,lysosomal lipid storage disorder,['disease']
920,extensive hypometabolism,['pathology']
923,"Medial
temporal lobe atrophy",['pathology']
926,AAV9 gene therapy,"['Gene therapy', 'drug']"
927,wildtype AAVs,['exposure']
928,AAV transduction,['biological_process']
931,CFS level of total Tau,['phenotype']
932,increased CFS level of total Tau,['phenotype']
934,decreased CFS level of total Tau,['phenotype']
946,Clearance of substrates,['biological_process']
947,Cholesterol clearance,['phenotype']
949,ROS-Ca2+-calcineurin pathway,['pathway']
950,cholesterol clearance,['biological_process']
952,cerebellar anterior Purkinje neurons,['anatomy']
954,posterior cerebellar regions,['anatomy']
955,cerebellar lobules I–III,['anatomy']
957,cerebellar lobules III,['anatomy']
961,PDGF-α,['protein/gene']
963,NPC1 inhibitor,['exposure']
966,ApoE4 comined with a synthetic lipopeptide,['drug']
967,ApoE4 combined with a synthetic lipopeptide,['drug']
968,Reduced ApoE4 cholesterol efflux,['protein/gene']
970,lysosomal cholesterol egress,['biological_process']
979,phosphorylated TFEB at Tyr173,['biological_process']
981,Neurotinib,['drug']
983,c-Abl inhibitor,"['drug', 'protein/gene']"
987,toxic lipid accumulation,['pathology']
988,armotocol,['drug']
991,endosomal–lysosomal system,"['anatomy', 'cellular_component']"
998,ciliary accessible cholesterol,['phenotype']
1001,nigrostriatal circuit,['anatomy']
1003,alpha-cyclodextrin derivatives,['drug']
1004,β-cyclodextrin derivatives,['drug']
1005,γ-cyclodextrin derivatives,['drug']
1006,neurovisceral symptoms,['phenotype']
1007,accumulation of cholesterol and other lipids,['phenotype']
1008,release of lipid-laden lamellar inclusions,['biological_process']
1009,restore lipid homeostasis,['biological_process']
1010,fatal neurovisceral disorder,['phenotype']
1014,foam cell accumulation,['phenotype']
1019,Impaired phenotype of microglia,['phenotype']
1020,impairment of lysosomal function,['phenotype']
1030,cytolosic dsDNA accumulation,['phenotype']
1034,prevented  hepatomegaly,['phenotype']
1035,attenuated microgliosis,['phenotype']
1036,attenuated lysosomal dysfunction,['phenotype']
1037,improved motor function,['phenotype']
1038,endolysosomal comparment,['cellular_component']
1040,cholesterol localization,['phenotype']
1043,accumulating of cholesterol crystals in the lysosome,['phenotype']
1044,remove lysosomes cholesterol crystal,['phenotype']
1045,lysosomal cholesterol crystals solubilizer,['phenotype']
1046,dissolve cholesterol crystals into free cholesterol,['phenotype']
1047,excessive cholesterol accumulation in the lysosome,['phenotype']
1048,pH-sensitive switch,['phenotype']
1049,remove lysosomal cholesterol crystals,['phenotype']
1050,neurovisceral lipid storage disorder,['phenotype']
1051,visceral organ damage,['phenotype']
1052,impaired lipid storage,['phenotype']
1054,NPC manifestations,['phenotype']
1056,cholesterol solubilization,['biological_process']
1057,hepatic and neuronal disorders,['phenotype']
1060,accumulation of myofibroblasts,['phenotype']
1061,Transforming growth factor-β1,['protein/gene']
1063,TGF-β1-induced FMD,['biological_process']
1078,neuropsychiatric signs,['phenotype']
1083,glycosphingolipid accumulation,['phenotype']
1085,prolong survival,['phenotype']
1086,impaired neurite outgrowth,['phenotype']
1087,neurite extension failure,['phenotype']
1088,suboptimal cholesterol transport,['phenotype']
1089,lysosomal dysfunction,['phenotype']
1090,peripheral organ dysfunction,['phenotype']
1091,lipid burden,['phenotype']
1093,accumulation of glycosphingolipids,['phenotype']
1094,premature degradation,['phenotype']
1095,faulty cholesterol trafficking,['phenotype']
1096,11β-hydroxysteroid-dehydrogenase of type 2,['protein/gene']
1097,11β-hydroxysteroid-dehydrogenase of type 2 inhibitor,['biological_process']
1098,oncosterone production,['phenotype']
1099,"uptake of Cholestane-3β,5α,6β-triol",['biological_process']
1100,MCF-7 cell proliferation,['biological_process']
1101,giant multilamellar bodies,['phenotype']
1102,free sterols accumulation,['phenotype']
1105,lysosomal cholesterol accumulation,['phenotype']
1106,Tau protein aggregation,['phenotype']
1108,systemic insulin signaling,['biological_process']
1110,premature attainment of the CW checkpoint,['phenotype']
1111,cellular and systemic growth control,['biological_process']
1118,LGALS3-positive leaky lysosomes,['phenotype']
1121,free pro-resolving fatty acid epoxides,['molecular_function']
1122,Esterified mono- and dihydroxy lipid mediators,['molecular_function']
1123,Unresolved and chronic neuroinflammation,['phenotype']
1124,Impaired resolution of inflammation,['phenotype']
1128,motor decline,['phenotype']
1130,Npc1 knock-in,['protein/gene']
1131,excessive accumulation of cholesterol,['phenotype']
1135,R518W,['protein/gene']
1139,autophagy defects,['phenotype']
1142,lysosomal lipid accumulation,['phenotype']
1144,Pulmonary alveolar proteinoisis,['phenotype']
1145,juvenile onset form Niemann-Pick Disease Type C,['phenotype']
1146,hepatic symtoms,['phenotype']
1147,neuropsychiatric issues,['phenotype']
1148,lysomsomal storage disorder,['disease']
1149,pronouced neurological manifestations,['phenotype']
1150,long-term congenital immunodeficiencies,['disease']
1151,impairment of cytotoxic T lymphocyte effector function,['phenotype']
1155,T-cell immune insufficiency,['phenotype']
1157,restore cytotoxic T lymphocyte cytotoxicity,['phenotype']
1158,lipid clearance,['phenotype']
1160,impaired immune surveillance,['phenotype']
1162,sustained reduction in disease progression,['phenotype']
1163,5-domain NPC Clinical Severity Scale,['phenotype']
1164,rescored 4-domain NPCCSS,['phenotype']
1165,full scale NPCCSS,['phenotype']
1166,NPC clinical database,['phenotype']
1173,reduced lysosomal cholesterol accumulation,['phenotype']
1174,"mild, intermediate, and severe clinical forms",['phenotype']
1185,organ biodistribution,['biological_process']
1188,neurological characteristics,['phenotype']
1190,neurodegenerative lysosomal storage disease,['disease']
1191,unusual urinary metabolite profiles,['phenotype']
1192,urinary branched-chain amino acids,['phenotype']
1193,urinary valine,['phenotype']
1200,re-accumulation of cholesterol,['phenotype']
1204,positive fibroblast Filipin staining,['phenotype']
1205,NPC heterozygous pathogenic variant,['protein/gene']
1209,broken hepatocytes,['phenotype']
1210,substantial fibrosis,['phenotype']
1212,metabolize cholesterol overload,['biological_process']
1218,chronic neurodegeneration,['phenotype']
1219,coginitive decline,['phenotype']
1222,stabilized chorea,['phenotype']
1223,stabilized coginitive decline,['phenotype']
1224,stabilized psychiatric features,['phenotype']
1243,Ncr1p,['protein/gene']
1245,"improved cellular fifitness,",['phenotype']
1246,decreased vacuolar fragmentation,['phenotype']
1247,reduced fifilipin flfluorescence,['phenotype']
1248,improved mitochondrial function,['phenotype']
1253,liver failure developed,['phenotype']
1256,Filipin complex,['cellular_component']
1257,c.1290delC (p.F431Lfs*18),['protein/gene']
1258,c.2807G>A(p.G936D),['protein/gene']
1259,c.3604_3605insA (p.I1202Nfs*56),['protein/gene']
1260,c.881+3A>G,['protein/gene']
1263,total diacylglycerols,['phenotype']
1269,hippocampal subregional atrophy,['phenotype']
1271,smaller gray matter volumes,['phenotype']
1272,smaller whole hippocampi volumes,['disease']
1274,Accumulation of glycosphingolipids,['phenotype']
1276,maintain normal lipid metabolism,['biological_process']
1277,high level of unesrerified cholesterol,['phenotype']
1278,low levels of esterified cholesterols,['phenotype']
1279,low levels of long-chain fatty acids,['phenotype']
1281,synthesis of esterified cholesterol,['biological_process']
1284,lysosphingomyelin-509,['phenotype']
1286,reduction in CSF total Tau,['phenotype']
1287,increased efflux of 24(S)-HC,['phenotype']
1288,clear cholesterol from liver,['phenotype']
1291,massive accumulation of cholesterol within cells,['phenotype']
1293,c.709C>T,['protein/gene']
1294,p.Ile1061Thr,['protein/gene']
1298,decreased PDGF-AA,['phenotype']
1299,decreased PAI-1,['phenotype']
1300,slow neurological damage,['biological_process']
1301,synaptic disturbance,['phenotype']
1303,Visceral manifestations,['phenotype']
1304,neuro-psychiatric symptoms,['phenotype']
1305,"c.1204_1205TT>GC, p.F402A",['protein/gene']
1306,"c.2486T>G, p.L829R",['protein/gene']
1307,c.2795+5 G>C,['protein/gene']
1308,"c.3722T>A, p.L1241*",['protein/gene']
1309,older age at the neurological symptom onset,['phenotype']
1316,normal plasma oxysterol level,['phenotype']
1317,normal lyso-sphingomyelin -509 level,['phenotype']
1318,normal urinary bile acid level,['phenotype']
1319,ameliorated lysosome function,['biological_process']
1320,ameliorated metabolic function,['biological_process']
1322,better neurologic status,['phenotype']
1324,mitigate DNA damage,['phenotype']
1326,intracellular accumulation of non-esterified cholesterol,['phenotype']
1327,intracellular accumulation of other lipids,['phenotype']
1328,increased plasma IL-6,['phenotype']
1329,increased plasma IL-8,['phenotype']
1330,increased plasma IL-10,['phenotype']
1331,restored plasma IL-6,['phenotype']
1332,restored plasma IL-8,['phenotype']
1333,restored plasma IL-10,['phenotype']
1334,decrease cholesterol accumulation,['phenotype']
1335,normalized the level of pro-inflammatory cytokines,['phenotype']
1342,Plasma neurofilament light chain elevated,['phenotype']
1348,gelastic cataplexy,['phenotype']
1354,neuronal injury,['phenotype']
1362,neuropsychiatric manifestations,['phenotype']
1365,resolve the catatonia,['phenotype']
1374,Visceral organ involvement,['phenotype']
1380,Lyso-sphingomyelin 509,['phenotype']
1387,visceral enlargement,['phenotype']
1391,mitochondrial insufficiency,['phenotype']
1392,cholesterol overloaded,['biological_process']
1393,glucocerbrosi-dase 2,['protein/gene']
1394,increased membrane contact sites,['phenotype']
1396,neurodegenerative form,['phenotype']
1397,backward leaning during gait,['phenotype']
1400,dystonia presentations,['phenotype']
1401,recessive disorder of cholesterol trafficking,['phenotype']
1402,accumulation of cholesterol in lysosomes,['phenotype']
1404,grey matter loss in the thalami,['phenotype']
1405,missing adhesio interthalamica,['phenotype']
1406,shorter adhesio interthalamica length,['phenotype']
1407,early neurodevelopmental disturbance,['phenotype']
1408,atrophy over time in these structures,['phenotype']
1411,intracellular mobilization of water-insoluble molecules,['biological_process']
1413,autosomal recessive lysosomal disorder,['phenotype']
1414,cellular organelles,['cellular_component']
1417,Lysobisphosphatidic acid enrichment,['biological_process']
1418,idiopathic neonatal cholestasis,['phenotype']
1422,rapid progression of neurologic disease,['phenotype']
1423,neonatal acute liver failure (NALF),['phenotype']
1428,unwarranted anger,['phenotype']
1434,visceral manifestations,['phenotype']
1438,autosomal recessive lysosomal storage disease,['disease']
1439,abnormal cholesterol accumulation,['phenotype']
1440,elevated cholestane-3beta,[]
1441,elevated 5alpha,[]
1442,elevated 6beta-triol,[]
1443,elevated 7-ketocholesterol,['anatomy']
1455,renal lamellar bodies,['phenotype']
1456,buildup of endocytic in dystrophic axons,['phenotype']
1457,buildup of autophagic organelles in dystrophic axons,['phenotype']
1458,elevated cholesterol on lysosome membranes,['phenotype']
1459,impaired anterograde lysosome transport,['phenotype']
1460,axonal autophagic stress,['phenotype']
1461,axonal autophagic vacuoles accumulation,['phenotype']
1464,oculomotor dysfunction,['phenotype']
1465,slowed peak velocity,['phenotype']
1466,intensive blinking,['phenotype']
1468,lateral trajectory of the eyes,['phenotype']
1469,total retinal thinning in the fovea,['phenotype']
1474,decreased vertical saccades peak velocity,['phenotype']
1475,lowered smooth pursuit gain,['phenotype']
1476,impaired vertical upward and downward saccades,['phenotype']
1477,altered horizontal saccadic peak velocity and latency,['phenotype']
1478,altered vertical saccadic duration and amplitude,['phenotype']
1479,altered horizontal position smooth pursuit,['phenotype']
1481,blinks to elicit saccades,['phenotype']
1482,head and upper body movements,['phenotype']
1483,impaired vertical reflexive saccades,['phenotype']
1484,vertical supranuclear saccade palsy,['phenotype']
1485,ocular-motor dysfunction,['phenotype']
1488,early cholestatic disease,['disease']
1492,elevated AFP levels,['phenotype']
1494,progressive neurovisceral manifestations,['phenotype']
1495,accumulation of intracellular unesteri ed cholesterol,['phenotype']
1499,neuro lament light,['protein/gene']
1501,increase of mitochondrial cholesterol content,['phenotype']
1503,GSH depletion,['phenotype']
1504,intramitochondrial cholesterol trafficking,['biological_process']
1505,decreased STARD1 expression,['phenotype']
1506,increased mitochondrial GSH levels,['phenotype']
1507,improved mitochondrial functional performance,['phenotype']
1508,decreased oxidative stress,['phenotype']
1509,oxidative stress-mediated cell death,['phenotype']
1510,ceramide homeostasis,['biological_process']
1523,mature neuronal cells,['anatomy']
1524,reduced ataxia,['phenotype']
1525,declined gait abnormalities,['phenotype']
1526,declined motor dysfunction,['phenotype']
1527,cerebral glucose metabolism,['biological_process']
1530,reduce loss of cerebellar Purkinje cells,['phenotype']
1531,reduced cholesterol accumulation,['phenotype']
1535,ENSMUST00000148545,['phenotype']
1536,ENSMUST00000142962,['phenotype']
1537,ENSMUST00000031975,['phenotype']
1538,ENSMUST00000195685,['phenotype']
1539,ENSMUST00000136359,['protein/gene']
1540,ENSMUST00000166109,['protein/gene']
1541,ENSMUST00000131025,['protein/gene']
1542,ENSMUST00000128338,['protein/gene']
1543,ENSMUST00000235045,['protein/gene']
1544,ENSMUST00000135230,['protein/gene']
1545,ENSMUST00000155729,['protein/gene']
1546,MSTRG.20510.2,['protein/gene']
1547,ENSMUST00000126572,['protein/gene']
1548,ENSMUST00000138576,['protein/gene']
1549,ENSMUST00000238391,['protein/gene']
1550,ENSMUST00000152283,['protein/gene']
1551,ENSMUST00000139218,['protein/gene']
1552,ENSMUST00000150330,['protein/gene']
1553,ENSMUST00000181447,['protein/gene']
1554,MSTRG.13285.1,['protein/gene']
1555,ENSMUSG00000079293,['protein/gene']
1556,ENSMUSG00000024672,['protein/gene']
1557,ENSMUSG00000018774,['protein/gene']
1558,ENSMUSG00000038147,['protein/gene']
1559,ENSMUSG00000069516,['protein/gene']
1560,ENSMUSG00000035273,['protein/gene']
1561,ENSMUSG00000071713,['protein/gene']
1562,ENSMUSG00000050335,['protein/gene']
1563,ENSMUSG00000004552,['protein/gene']
1564,ENSMUSG00000040552,['protein/gene']
1565,ENSMUSG00000024236,['protein/gene']
1566,ENSMUSG00000041261,['protein/gene']
1567,ENSMUSG00000041476,['protein/gene']
1568,ENSMUSG00000027208,['protein/gene']
1569,ENSMUSG0000002930,['protein/gene']
1570,ENSMUSG00000027296,['protein/gene']
1571,ENSMUSG00000022686,['protein/gene']
1572,ENSMUSG00000024413,['protein/gene']
1573,ENSMUSG00000054901,['protein/gene']
1574,ENSMUSG00000028222,['protein/gene']
1575,NPC protein misfolding,['protein/gene']
1576,improve lysosomal function,['phenotype']
1579,"loss of motor function,
swallowing, and speech",['phenotype']
1581,production of heat shock response,['phenotype']
1582,preserves cellular function,['phenotype']
1583,prevents cell death,['phenotype']
1587,mitocondrial differentially expressed proteins,['protein/gene']
1593,peroxisome proliferator-activated receptor-γ,['protein/gene']
1598,p.G992W,['protein/gene']
1600,p.V845Cfs*24,['protein/gene']
1603,mitochondrial Ca2+ cytotoxicity,['phenotype']
1604,"reduced Phosphatidylinositol 4,5-bisphosphate",['phenotype']
1605,reduced ER Ca2+,['phenotype']
1606,increased IP3-mediated Ca2+ release,['phenotype']
1607,mitochondrial cytotoxicity,['phenotype']
1608,Neonatal acute liver failure,['phenotype']
1612,axonal trafficking defects,['phenotype']
1613,Niemann-Pick type C sterol transfer proteins,['protein/gene']
1614,autosomal recessive lysosomal storage disorder,['disease']
1616,childhood Alzheimer's,['disease']
1618,lipid accumulation in late endosomes,['phenotype']
1619,lipid accumulation in lysosomes,['phenotype']
1620,neurodegenerative lysosomal lipid storage disorder,['phenotype']
1622,initial psychopharmacology,['phenotype']
1625,intolerance of psychopharmacological drugs,['phenotype']
1627,NPC severity,['phenotype']
1628,NPC severity scales,['phenotype']
1635,p.Pro543Leu,['protein/gene']
1636,endolysosomal storage of unesterified cholesterol,['phenotype']
1637,"progressive
loss of cerebellar Purkinje neurons",['phenotype']
1640,impaired glutamate uptake,['phenotype']
1641,Slcla2,['protein/gene']
1642,postsynaptic glutamate receptor signaling,['biological_process']
1643,increased median survival,['phenotype']
1647,impaired health-related quality of life,['phenotype']
1651,lysosome dysfunction,['phenotype']
1652,phagocytic stress,['phenotype']
1653,sialic acid–dependent ligands,['molecular_function']
1655,ameliorated lysosome dysfunction,['phenotype']
1656,"microglia-directed
immunotherapeutic",['drug']
1657,p.V1023Sfs*15/p.G992R,['protein/gene']
1658,p.G992R,['protein/gene']
1661,brain region inflammation,['phenotype']
1662,reduced peripheral inflammation,['phenotype']
1663,reduced foamy cells,['phenotype']
1664,decreased microgliosis,['phenotype']
1665,decreased astrogliosis,['phenotype']
1666,inherited neurodegenerative disorder,['phenotype']
1668,retromer impairment,['phenotype']
1669,increased amyloidogenic processing of APP,['phenotype']
1670,amyloidogenic processing,['biological_process']
1671,enhanced BACE1-mediated proteolysis,['phenotype']
1682,loss of mental and physical abilities,['phenotype']
1684,mildly delayed myelination,['phenotype']
1685,nonspecific periventricular hypersignal intensity,['phenotype']
1686,enzymatic function,['phenotype']
1687,an autosomal recessive hereditary disease,['disease']
1693,neurovisceral lysosomal lipid storage disorder,['disease']
1696,rare lysosomal neurovisceral storage disease,['disease']
1699,c.406C>T,['protein/gene']
1700,c.3126delC,['protein/gene']
1701,c.2920_2923delCCTG,['protein/gene']
1702,c.2037delG,['protein/gene']
1703,c.542C>A,['protein/gene']
1704,c.1970G>A,['protein/gene']
1705,c.1993C>G,['protein/gene']
1706,c.2821 T>C,['protein/gene']
1707,c.2872C>G,['protein/gene']
1708,c.3632 T>A,['protein/gene']
1709,accumulation of intracellular free cholesterol,['phenotype']
1710,glucosyl ceramide synthase,['protein/gene']
1711,reduced glycosphingolipid levels,['phenotype']
1712,stabilized neurological phenotypes,['phenotype']
1713,significantly reduced mortality risk,['phenotype']
1716,reduced mitochondrial transport,['phenotype']
1717,defective mitophagy induction,['phenotype']
1718,reduced  parkin expression,['phenotype']
1719,engulf mitochondria in autophagosomes,['biological_process']
1722,"mislocalization
of lysosomes",['phenotype']
1724,decreased cholesterol accumulation,['phenotype']
1725,I1061T mutant,['protein/gene']
1726,autosomal recessive rare disease,['disease']
1727,neurovisceral manifestations,['phenotype']
1728,c. 3182T>C,['protein/gene']
1731,p.Arg934Ter,['protein/gene']
1732,p.Pro471Leu,['protein/gene']
1733,hereditary ataxic disorders,['phenotype']
1736,immune system hyperactivity,['phenotype']
1740,excessive immune activation,['phenotype']
1741,autoimmune phenomena,['phenotype']
1744,translation eukaryotic initiation factor 3D (eIF3D),['protein/gene']
1745,cholesterol release from lysosomes,['biological_process']
1746,cholesterol transport to the plasma membrane,['biological_process']
1747,damaged peripheral organs,['phenotype']
1749,increasing adenosine levels,['phenotype']
1751,increase adenosine levels,['phenotype']
1752,blocked equilibrative nucleoside transporter ENT1,['phenotype']
1753,inhibitory activity towards ENT1,['phenotype']
1754,recused mitochondrial deficits,['phenotype']
1755,activation of the adenosine A2AR subtype subsequent,['phenotype']
1756,increased levels of extracellular adenosine,['phenotype']
1757,reduces intracellular cholesterol accumulation,['phenotype']
1758,rescues mitochondrial membrane potential depolarization;,['phenotype']
1761,neuro-visceral lipid storage disease,['disease']
1765,elevated N-palmitoyl-O-phosphocholineserine,['phenotype']
1766,increased levels of tau protein,['phenotype']
1767,Acyl-coenzyme A:cholesterol acyltransferase 1 gene knockout,['protein/gene']
1768,increased cholesterol content associated with TGN-rich membranes,['phenotype']
1769,increased cholesterol content associated with mitochondria,['phenotype']
1770,decreased cholesterol content associated with late endosome,['phenotype']
1771,restored localization of syntaxin 6,['phenotype']
1772,restored localization of golgin 97,['phenotype']
1773,restored localization of ABCA1,['phenotype']
1774,ACAT1-specific inhibitor,['molecular_function']
1778,increased NPC2 gene expression,['phenotype']
1782,earlier NPC1 disease onset,['phenotype']
1783,reduced lifespan,['phenotype']
1784,"absence of the hyper-glycosylated lysosome-associated membrane
protein 1",['phenotype']
1785,decreased levels of Purkinje neurons,['phenotype']
1786,increased astrogliosis,['phenotype']
1787,increases Niemann-Pick Disease Type C1,['phenotype']
1788,shorter lifespan,['phenotype']
1789,"β1,6GlcNAc-branched N-linked glycans",['protein/gene']
1792,decreased tumor metastasis,['phenotype']
1793,phenotypic scoring metrics,['phenotype']
1794,beam walk latency,['phenotype']
1795,"decreases the association of the luminal transporter
NPC2",['phenotype']
1796,increases lysosomal degradation of cation-independent -mannose 6-phosphate receptor,['phenotype']
1797,egress of free cholesterol from lysosomes,['biological_process']
1798,CI-MPR-dependent trafficking of NPC2,['biological_process']
1799,maintain CI-MPR normal level,['biological_process']
1800,promoting CI-MPR recycling,['biological_process']
1803,Crohn’s disease,['disease']
1804,reduce gastrointestinal symptoms,['phenotype']
1805,reduce intestinal inflammation,['phenotype']
1806,caused neurological side effects,['phenotype']
1807,caused demyelination,['phenotype']
1808,caused central nervous system inflammation,['phenotype']
1810,"3β,5α,6β-trihydroxycholanoyl-glycine",['phenotype']
1811,evelated long-chain isoforms of glucosylceramide,['phenotype']
1813,neurological non-enzymatic disorders,['disease']
1815,PRV replication cycle,['biological_process']
1816,elevated lysosphingomyelin 509,['phenotype']
1819,enhanced Autophagy-dependent ferritinophagy,['biological_process']
1820,Impairment of cochlear hair cells,['phenotype']
1822,Neuropsychiatric manifestations,['phenotype']
1824,elevated Daytime sleepiness,['phenotype']
1828,better Attention,['phenotype']
1829,Percentage time immobile,['phenotype']
1831,"cholestane-3β,5α,6β-triol ; trihydroxycholanic acid glycinate  ;N-palmitoyl-O-phosphocholineserine",['protein/gene']
1834,trihydroxycholanic acid glycinate,['protein/gene']
1839,endolysosomal accumulation of unesterified cholesterol,['pathology']
1843,Solid diet modifications,['phenotype']
1844,movement dyscoordination,['phenotype']
1845,weakened muscular contraction,['phenotype']
1846,hypopharyngeal retention,['phenotype']
1847,reduction in lysosomal calcium,['phenotype']
1848,loss of NPC activity,['phenotype']
1851,Movenment disorders,['phenotype']
1854,stimulus-sensitive myoclonus,['phenotype']
1857,I1061-NPC1,['protein/gene']
1858,R934L-NPC1,['protein/gene']
1859,endoplasmic reticulum Ca++ release channels,['protein/gene']
1860,proteostatic regulators,['drug']
1861,cholesterol dyshomeostasis,['phenotype']
1862,sphingolipid dyshomeostasis,['phenotype']
1863,impairs developmental trajectories,['phenotype']
1864,progressive Purkinje cell loss,['phenotype']
1865,stereotyped Purkinje cell loss,['phenotype']
1866,activation of pro‐inflammatory microglia,['phenotype']
1867,neurodevelopmental dynamics,['phenotype']
1873,enlarged soma size,['phenotype']
1875,de‐ramified processes,['phenotype']
1876,robust phagocytic activity,['phenotype']
1877,Enhanced phagocytosis,['phenotype']
1881,shortfalls in fine odor discrimination,['phenotype']
1886,defective lysosomal cholesterol efflux,['phenotype']
1887,cyclic AMP signalling pathway,['biological_process']
1888,"P2X
purinerigic receptor 4",['protein/gene']
1890,lysosome-dependent cell death,['phenotype']
1891,increased lysosomal pH,['phenotype']
1892,Lysosome-dependent cell death,"['biological_process', 'phenotype']"
1893,Resistance to lysosphingolipid-induced cell death,['phenotype']
1898,primary rat brain endothelial cells,['anatomy']
1899,glycosphingolipid levels,['phenotype']
1906,immature oligodendrocytes,['anatomy']
1908,eleveted Neurofilament light chain levels,['phenotype']
1911,synaptic changes,['phenotype']
1915,reverted synaptic defects,['phenotype']
1928,prodrug form of 2-hydroxypropyl-beta-cyclodextrin,['drug']
1930,remove cholesterol,['phenotype']
1931,improved cholesterol mobilization,['phenotype']
1933,intracellular lipid storage,['phenotype']
1936,smaller heart weight,['phenotype']
1937,smaller liver weight,['phenotype']
1938,smaller kidneys weight,['phenotype']
1939,smaller testes weight,['phenotype']
1940,smaller vesicular gland weight,['phenotype']
1941,smaller scent gland weight,['phenotype']
1942,smaller ovaries,['phenotype']
1943,smaller uteri,['phenotype']
1948,p.C113Y/p.A927V,['protein/gene']
1951,accumulation of unesterified sphingolipids,['phenotype']
1953,glycosphingolipid synthesis inhibitor,['biological_process']
1954,altered cathepsin D,['protein/gene']
1955,altered members of the complement family,['phenotype']
1956,increased pro-neuropeptide Y,['phenotype']
1958,downregulated innate immune complement components,['phenotype']
1959,downregulated fibrinogen,['phenotype']
1960,upregulated neuromodulin,['phenotype']
1961,upregulated antithrombin III,['phenotype']
1963,upregulated cathepsin D,['phenotype']
1964,decreased pro-neuropeptide Y,['phenotype']
1965,oculomotor deficits,['phenotype']
1975,multi-systemic manifestations,['phenotype']
1979,elevated plasma oxysterols,['phenotype']
1983,"elevated plasma 
 oxysterols",['phenotype']
1985,"N-(3β,5α,6β-trihydroxy-cholan-24-oyl) glycine",['protein/gene']
1987,NCP2,['protein/gene']
1988,giant lysosomes,['phenotype']
1989,lyso-sphingomyelin-509,['protein/gene']
1990,lysosomal accumulation of unesterified cholesterol,['phenotype']
1991,bis(monoacylglycero)phosphate biosynthesis pathway,['pathway']
1992,Purkinje cell death,['phenotype']
1993,lysosome tubulation,['phenotype']
1995,accumulation of cholesterol in late endosome,['phenotype']
1996,accumulation of cholesterol in lysosome,['phenotype']
1998,late endosome cholesterol transport,['phenotype']
2000,pathological accumulation of cholesterol,['phenotype']
2001,cholesterol storage in endosomes,['phenotype']
2002,cholesterol storage in lysosomes,['phenotype']
2003,extends lifespan,['phenotype']
2004,NPC phenotype,['phenotype']
2019,abnormal accumulation of lipids,['phenotype']
2020,impaired autophagy,['phenotype']
2023,restored the autophagic flux,['phenotype']
2024,yeast lysosome-like vacuoles,['cellular_component']
2026,autophagy impairment,['phenotype']
2027,neurodegenerative phenotypes,['phenotype']
2028,improved ataxia,['phenotype']
2029,improved feeding phenotypes,['phenotype']
2030,attenuated cerebellar inflammation,['pathology']
2031,attenuated cerebellar degeneration,['pathology']
2034,SREBP2 processing,['biological_process']
2035,reduced active STING transport,['biological_process']
2036,reduced acitve SREBP2 transport,['biological_process']
2038,reduced basal cytoplasmic Ca2+ levels,['phenotype']
2046,intracellular trafficking of cholesterol,['biological_process']
2052,brain iron dysregulation,['phenotype']
2053,systemic iron abnormalities,['phenotype']
2057,cholesterol egress,['biological_process']
2065,reduces expression NPC1 mRNA,['phenotype']
2066,reduces expression NPC1 protein,['phenotype']
2071,ameliorate Purkinje cell degeneration,['phenotype']
2072,promoted NPC1 phenotypes,['phenotype']
2073,ameliorated the cerebellar ataxic phenotype,['phenotype']
2075,circulating inflammatory monocytes,['anatomy']
2076,neurological pathology,"['pathology', 'phenotype']"
2078,elevations in glucosylceramide isoforms,['phenotype']
2079,Increased C24 isoforms,['phenotype']
2081,H3K27 demethylases,['protein/gene']
2082,rescues myelination,['phenotype']
2083,rescues epigenetic marks,['phenotype']
2084,rescues oligodendrocyte gene expression.,['phenotype']
2085,H3K27 demethylase inhibitor,['phenotype']
2086,intracellular sphingolipid transport,['biological_process']
2087,lysosome limiting membrane,['cellular_component']
2089,decreased tyrosinase-related protein 1,['phenotype']
2091,"c.376G>A, p.V126M",['protein/gene']
2092,c.364-4C>T,['protein/gene']
2093,inherited neurovisceral genetic disorder,['phenotype']
2094,accumulation of unesterified cholesterol and glycolipids,['phenotype']
2095,lysosomal lipid storage disease,['disease']
2097,loss of psychomotor acquisitions,['phenotype']
2098,glucosylceramide synthase competitive inhibitor,['phenotype']
2099,GBA2 glucosylceramidase inhibition,['phenotype']
2100,cholesterol buildup,['phenotype']
2102,rescues CaV1.2,['phenotype']
2103,enhance calcium entry,['phenotype']
2104,neurotoxic elevations,['phenotype']
2107,nanostructural ion channel clustering disease,['disease']
2108,enriched SERCA,['phenotype']
2109,enriched CaV1.2,['phenotype']
2110,enriched RyR,['phenotype']
2112,unesterified sphingolipids.,['phenotype']
2116,increased Flotillin-2,['phenotype']
2117,increased  Flotillin-2,['phenotype']
2118,loss of lipid rafts,['phenotype']
2119,Ca2+/calmodulindependent protein kinases (CaMKs),['molecular_function']
2120,deep cerebellar nuclei neurons,['anatomy']
2121,glutamatergic/GABAergic/glycinergic neurons,['anatomy']
2122,normalized intracellular cholesterol trafficking,['cellular_component']
2123,recessive lysosomal storage disease,['phenotype']
2124,progressive major organ failure,['phenotype']
2130,",
improved gross motor skills",['phenotype']
2145,impaired Mannosyl glucosylceramide glycosylation,['phenotype']
2147,increased Glucosylceramide synthase,['phenotype']
2148,heightened neurodegeneration,['phenotype']
2151,glycosylates mannosyl glucosylceramide,['biological_process']
2153,glycosylates GlcCer to MacCer,['biological_process']
2154,elevated glutamatergic transmission,['phenotype']
2156,elevated neurotransmission,['phenotype']
2157,heightened neuronal death,['phenotype']
2159,cholesterol exit from lysosomes,['biological_process']
2160,impaired NPC2,['phenotype']
2162,mannose-6- phosphate modification,['biological_process']
2163,TMEM241 deficient,['protein/gene']
2167,widespread disconnectivity,['phenotype']
2168,reductions in connection strength and number,['phenotype']
2169,reductions in connection number,['phenotype']
2171,reduced capacity for vacuole fusion,['phenotype']
2172,degradation of lipid droplets,['phenotype']
2173,accumulation of lipid vesicles,['phenotype']
2175,partially fragmented vacuoles,['phenotype']
2176,compromised ability to mobilize lipids from  lipid vesicles,['phenotype']
2177,ferroptosis pathway,['pathway']
2178,mitophagy pathway,['pathway']
2182,changes in STX7,['phenotype']
2183,changes in VTI1B,['phenotype']
2184,changes in VAMP7,['phenotype']
2187,TFEB activation,"['biological_process', 'phenotype']"
2188,restored mitochondria length,['phenotype']
2189,decreased Filipin+ cholesterol accumulation,['phenotype']
2190,CNS biomarkers,['protein/gene']
2192,fatal neurodegenerative condition,['phenotype']
2193,aberrant pattern of interferon activation,['phenotype']
2194,lower cerebral expression of genes within interferon signaling pathways,['phenotype']
2195,slower onset of cerebral cortical pathology,['phenotype']
2197,N-acyl sphingosine amidohydrolase 2,['protein/gene']
2198,elevated levels of reactive oxygen species,['phenotype']
2199,decreased levels of adenosine 5′-triphosphate,['phenotype']
2200,impaired intestinal stem cell stemness,['phenotype']
2203,acidic pair (NCR1),['protein/gene']
2204,MLD and CTD,['protein/gene']
2207,endo-lysosomes,['cellular_component']
2208,decreased mitochondrial glutathione levels,['phenotype']
2209,lower phosphatidylcholine ratio in mitochondria,['phenotype']
2210,lower phosphatidylethanolamine ratio in mitochondria,['phenotype']
2211,restores S-Adenosyl-L-methionine levels in mitochondria,['phenotype']
2212,increased phosphatidylcholine ratio,['phenotype']
2213,increased phosphatidylethanolamine ratio,['phenotype']
2214,increased mitochondrial membrane fluidity,['phenotype']
2215,replenishment of mitochondrial glutathione levels,['phenotype']
2216,improves the decline of locomotor activity,['phenotype']
2217,decreased brain S-Adenosyl-L-methionine levels,['phenotype']
2218,lower expression of Mat2a,['phenotype']
2219,increases Purkinje cell survival,['phenotype']
2220,"hyper-activated stimulator of
interferon genes signaling",['phenotype']
2221,attenuated 2’3’-2′3′ cyclic GMP–AMP production,['phenotype']
2222,"suppressed stimulator of
interferon genes polymerization",['phenotype']
2223,reduced cytokine production,['phenotype']
2224,"suppress the NPC1 deficiency-induced, hyper-activated STING signaling",['phenotype']
2225,stimulator of interferon genesassociated diseases,['disease']
2227,decreased SOAT1,['phenotype']
2228,rs1044925 (C-allele),['protein/gene']
2229,Npc1-/-:Soat1-/-,['protein/gene']
2232,Niemann Pick Disease Type C (NPC),['disease']
2233,neurodegenerative cholesterol,['disease']
2235,"increase in de novo sphingolipid
biosynthesis",['phenotype']
2238,decreased ORMDLs,['phenotype']
2239,reduced de novo sphingolipid biosynthesis,['phenotype']
2240,reduced sphingolipid accumulation,['phenotype']
2243,"increased 3β,5α,6β-trihydroxycholanyl glycine",['phenotype']
2245,p.(Val1165Met),['protein/gene']
2247,increase of this bile acid,['phenotype']
2248,defective trafﬁcking of cholesterol,['phenotype']
2252,neurological manifestation prevention,['phenotype']
2255,Defective autophagic ﬂux,['phenotype']
2256,impairment of mitophagy,['phenotype']
2258,restored autophagic flux,['phenotype']
2259,restored NAD levels,['phenotype']
2260,restored cell viability,['phenotype']
2261,metabolic collapse,['phenotype']
2262,"impairs the body's
ability to metabolize fats",['phenotype']
2264,enzyme acid sphingomyelinase deficiency,['phenotype']
2269,lipid-laden foamy macrophages,['phenotype']
2271,slow down the rate of weight loss,['phenotype']
2272,improve motor coordination,['phenotype']
2273,no significant improvement in lifespan,['phenotype']
2274,mitigate the activation of glial cells,['phenotype']
2275,alleviate neuroinflammation,['phenotype']
2276,reduce cell apoptosis,['phenotype']
2277,increase the number of mature neurons,['phenotype']
2278,increase the number of Purkinje cells,['phenotype']
2279,Increased  level of P-JAK2,['phenotype']
2280,level of P-STAT3,['phenotype']
2281,Deceleration of vertical saccades,['phenotype']
2282,impaired vertical saccades,['phenotype']
2283,impaired saccadic velocity,['phenotype']
2284,impaired smooth pursuit gain,['phenotype']
2285,cerebellar pathology,['pathology']
2286,relatively intact smooth pursuit eye movements,['phenotype']
2288,Altered BMP levels,['phenotype']
2289,BMP hydrolysis,['biological_process']
2291,Cholesterol phenotype,['phenotype']
2292,physiological bis(monoacylglycero)phosphate hydrolase,['molecular_function']
2293,accumulate multiple bis(monoacylglycero)phosphate species,['phenotype']
2295,lysosomal bis(monoacylglycero)phosphate hydrolase,['molecular_function']
2297,impaired lysosomal function,['phenotype']
2298,late endosomal accumulation of unesterified cholesterol,['phenotype']
2299,elevation of alkyl-lysophosphatidylcholine species,['phenotype']
2300,decreased cerebrospinal fluid levels of LPC O-16:0,['phenotype']
2301,decreased cerebrospinal fluid levels of LPC O-18:1,['phenotype']
2302,reduced brain alkyl-LPC levels,['phenotype']
2303,reduced liver alkyl-LPC levels,['phenotype']
2304,LPC O-16:0,['protein/gene']
2305,LPC O-18:1,['protein/gene']
2306,host cellular cholesterol distribution,['biological_process']
2307,reduced B. besnoiti proliferation,['phenotype']
2308,cholesterol accumulation in host cytoplasmic dense vesicles,['phenotype']
2309,cholesterol acquisition,['biological_process']
2310,B. besnoiti replication,['phenotype']
2311,accumulation of multiple lipid species,['phenotype']
2313,Niemann Pick type C (NPC) disease,['disease']
2316,lipid dysregulation,['phenotype']
2318,elevated damage associated molecular patterns (DAMPs),['phenotype']
2319,mitochondrial dyshomeostasis,['phenotype']
2320,high levels of reactive oxygen species (ROS),['phenotype']
2322,pro-inflammatory environment,['phenotype']
2323,widespread neurodegeneration,['phenotype']
2324,exacerbated interferon signaling,['phenotype']
2325,cholesterol dysregulation,['phenotype']
2326,tau dysregulation,['phenotype']
2327,impaired intracellular cholesterol trafficking,['phenotype']
2328,I1061T,"['phenotype', 'protein/gene']"
2329,protein trafficking defects,['phenotype']
2330,non-lysosomal b-glucosylceramidase,['protein/gene']
2334,lysosomal cholesterol trafficking pathway,"['biological_process', 'pathway']"
2335,accumulation of unesterified cholesterol in lysosomes,['phenotype']
2336,partially relieved bafilomycin A1 inhibition of HIV-1,['phenotype']
2338,potent inhibition of HIV-1 replication,['phenotype']
2339,Lysosomal cholesterol accumulation,['phenotype']
2340,Niemann–Pick disease type C (NPC),['disease']
2341,synaptic boutons size increase,['phenotype']
2342,loss in neuronal signaling capacity,['phenotype']
2343,synchronicity disruptions,['phenotype']
2345,Morphological changes in microglia,['phenotype']
2346,microglia gastrosome expansion,"['phenotype', 'protein/gene']"
2347,microglia ameboid form,['phenotype']
2348,endolysosomal accumulation of the lipid,['phenotype']
2349,psychiatric alterations,['phenotype']
2350,Increased neuronal mGluR5,['phenotype']
2351,mGluR5 at plasma membrane,['cellular_component']
2352,mGluR5 distribution,['phenotype']
2353,enhanced mGluR-dependent long-term depression (mGluR-LTD),['phenotype']
2355,mGluR-LTD,['phenotype']
2356,psychiatric anomalies,['phenotype']
2357,mGluR5 alterations,['phenotype']
2362,reduced cancer growth,['phenotype']
2363,LDL-mediated cholesterol uptake,['biological_process']
2364,cancer cell pyroptosis,['biological_process']
2365,human hematologic and solid cancers,['disease']
2366,NPC0,['protein/gene']
2370,metabolite characteristics,['phenotype']
2371,creatinine synthesis pathway,['pathway']
2374,altered metabolites,['phenotype']
2375,metabolic irregularities,['phenotype']
2379,neurofibrillary tangle pathology,['pathology']
2385,macrophage efferocytosis,['biological_process']
2389,increased levels of serum HMGB1,['phenotype']
2390,M1 polarization,['biological_process']
2391,inefficient efferocytosis,['phenotype']
2392,impaired cargo degradation,['phenotype']
2393,HSEM deterioration,['phenotype']
2399,α-glucosidases I and II,['protein/gene']
2400,decrease in cerebrospinal fluid disease severity levels,['phenotype']
2401,choroid plexus enlargement,['phenotype']
2402,reduced thalamic volumes,['phenotype']
2409,choroid plexus volumes,['phenotype']
2411,LysoSM,['protein/gene']
2412,N-palmitoyl-O-phosphocholine-serine,['protein/gene']
2413,692-854 amino acid,['protein/gene']
2415,P691S,['protein/gene']
2416,improved motor functions,['phenotype']
2417,reduced neocortical inflammation,['phenotype']
2419,increased GM2 ganglioside accumulation,['phenotype']
2420,increased GM3 ganglioside accumulation,['phenotype']
2421,restored lipid profile,['lipid']
2422,normalized ganglioside,['phenotype']
2426,Glycosphingolipids accumulation,['phenotype']
2428,increased lysosomal volume,['phenotype']
2429,Ganglioside GM1 storage,['phenotype']
2430,altered lysosomal Ca2+ homeostasis,['phenotype']
2431,Lysosomal storage of lipids,['phenotype']
2432,endosomal transportautophagy abnormalities,['phenotype']
2433,lysosomal Ca2+ signalling defects,['phenotype']
2435,progressive neurological impairment,['phenotype']
2436,decelerated disease progression,['phenotype']
2437,frontotemporal areas,['anatomy']
2439,cerebellar hypometabolism progression,['phenotype']
2441,anti-AAV9 neutralizing antibodies,['protein/gene']
2442,anti-AAV2 neutralizing antibodies,['protein/gene']
2445,increased Annual Severity Increment Score,['phenotype']
2447,increased age of neurological onset,['phenotype']
2448,Scale for the Assessment and Rating of Ataxia score,['phenotype']
2457,ameliorated cholesterol accumulation,['phenotype']
2458,TFEB nuclear translocation,"['biological_process', 'protein/gene']"
2461,reduced loss of Purkinje cells,['phenotype']
2462,reduced body weight loss,['phenotype']
2463,elevated levels of lipid peroxidation,['phenotype']
2464,elevated levels of iron,['phenotype']
2465,Ca2+ dyshomeostasis,['phenotype']
2469,higher vulnerability to oxytosis,['phenotype']
2470,higher vulnerability to ferroptosis,['phenotype']
2471,biological activity of Telocytes,['biological_process']
2473,attenuated hepatic Telyocytes multipotency,['phenotype']
2474,lipid transport pathway,['biological_process']
2475,impairing tissue regeneration mechanisms,['phenotype']
2477,4-fold cholesterol accumulation,['phenotype']
2478,cholesterol mis-localization,['phenotype']
2479,altered cholesterol sensing,['phenotype']
2481,increased synthesis of  triglycerides,['phenotype']
2482,increased total Amyloid Precursor Protein,['phenotype']
2483,increased APP C-terminal fragments,['phenotype']
2484,BACE1 levels increased 3-fold,['phenotype']
2485,APP C-terminal fragments,['protein/gene']
2486,intracellular neutral lipids,['lipid']
2488,lipidated ApoE4 particles,['phenotype']
2489,Corrected cholesterol accumulation,['phenotype']
2490,Corrected cholesterol localization,['phenotype']
2491,Restored cholesterol sensing,['phenotype']
2492,Normalized cholesterol synthesis,['phenotype']
2493,Normalized triglyceride synthesis,['phenotype']
2494,Normalized total APP levels,['phenotype']
2495,Normalized APP C-terminal fragments,['phenotype']
2496,Normalized BACE1 levels,['phenotype']
2497,cell phenotypic changes,['phenotype']
2498,improved cholesterol efflux,['biological_process']
2499,rescued all phenotypic changes,['biological_process']
2500,c-Abl activation,['biological_process']
2505,NPC Clinical Severity Scale,['phenotype']
2506,reduced disease progression,['phenotype']
2507,autosomal-recessive lysosomal disorder,['disease']
2508,increased  lysosomal cholesterol,['phenotype']
2509,corrected NPC1 localization,['phenotype']
2513,overt dementia,['phenotype']
2515,regulated lysosomal function,['biological_process']
2517,induced extracellular release of lysosomal components,['phenotype']
2518,patien-dependent manner,['phenotype']
2519,lysosomal cholesterol handling,['biological_process']
2520,neuronal cholesterol turnover,['biological_process']
2521,cognitive performance deterioration,['phenotype']
2522,preservation of learning,['phenotype']
2523,preservation of executive control,['phenotype']
2525,impairment of verbal fluency,['phenotype']
2527,impairment of cognitive inhibition,['phenotype']
2528,absence of serious adverse events,['phenotype']
2529,Parkinson’s disease,['disease']
2531,lysosomal accessible cholesterol,['phenotype']
2532,Gdnf RNA expression,['biological_process']
2533,Bdnf expression,['biological_process']
2534,Hedgehog-dependent neuroprotective factor production,['biological_process']
2537,striatal astrocytes,['anatomy']
2538,cell surface–accessible cholesterol,['phenotype']
2539,neuroprotective factor production,['biological_process']
2540,GDNF and NRTN synthesis,['biological_process']
2541,Parkinson's disease etiology,['biological_process']
2543,ototoxic effects,['phenotype']
2544,negligible capacity to solubilize unesterified cholesterol,['phenotype']
2545,reduced hepatosplenomegaly,['phenotype']
2546,improved seizures,['phenotype']
2547,improved cognitive disorders,['phenotype']
2548,cortical symptoms,['phenotype']
2549,reduced motor function,['phenotype']
2550,reduced  ocular manifestations,['phenotype']
2551,abnormal intracellular lipid storage,['phenotype']
2554,multiple sphingolipids,['phenotype']
2559,β-amyloid peptide,['phenotype']
2563,deregulation in the cortical circadian rhythm pathway,['phenotype']
