Unnamed: 0.1,Unnamed: 0,anchor_group_name,legacy_lookup_status,legacy_conflict_names,Expert review,anchor_group_idx,decision_auto,proposed_group_name_auto,cutoff,cluster_size,cluster_member_idx,cluster_member_name,reviewer_final_group_name,cui,member_name
0,62,familial renal glucosuria,missing,,no,308.0,yes,familial renal glucosuria,0.98,2.0,308|13693,familial renal glucosuria || familial cystic renal disease,,C3245525,familial renal glucosuria
0,62,familial renal glucosuria,missing,,no,308.0,yes,familial renal glucosuria,0.98,2.0,308|13693,familial renal glucosuria || familial cystic renal disease,,not found,familial cystic renal disease
1,82,autosomal recessive congenital ichthyosis,found,,no,409.0,yes,autosomal recessive congenital ichthyosis,0.98,2.0,409|7313,autosomal recessive congenital ichthyosis || autosomal recessive faciodigitogenital syndrome,,C1835851,autosomal recessive congenital ichthyosis
1,82,autosomal recessive congenital ichthyosis,found,,no,409.0,yes,autosomal recessive congenital ichthyosis,0.98,2.0,409|7313,autosomal recessive congenital ichthyosis || autosomal recessive faciodigitogenital syndrome,,C1856871,autosomal recessive faciodigitogenital syndrome
2,107,congenital myopathy,conflict,congenital myasthenic syndrome|congenital myopathy|nemaline myopathy,no,568.0,yes,congenital myopathy,0.98,4.0,251|568|13640|15343,congenital myasthenic syndrome || congenital myopathy || congenital structural myopathy || congenital acardia,,C0751882,congenital myasthenic syndrome
2,107,congenital myopathy,conflict,congenital myasthenic syndrome|congenital myopathy|nemaline myopathy,no,568.0,yes,congenital myopathy,0.98,4.0,251|568|13640|15343,congenital myasthenic syndrome || congenital myopathy || congenital structural myopathy || congenital acardia,,C0270960,congenital myopathy
2,107,congenital myopathy,conflict,congenital myasthenic syndrome|congenital myopathy|nemaline myopathy,no,568.0,yes,congenital myopathy,0.98,4.0,251|568|13640|15343,congenital myasthenic syndrome || congenital myopathy || congenital structural myopathy || congenital acardia,,C0752282,congenital structural myopathy
2,107,congenital myopathy,conflict,congenital myasthenic syndrome|congenital myopathy|nemaline myopathy,no,568.0,yes,congenital myopathy,0.98,4.0,251|568|13640|15343,congenital myasthenic syndrome || congenital myopathy || congenital structural myopathy || congenital acardia,,not found,congenital acardia
4,142,hyperprolinemia,found,,no,863.0,yes,hyperprolinemia,0.98,3.0,863|3952|14496,hyperprolinemia || hyperheparinemia || hyperprolactinemia,,C0268528,hyperprolinemia
4,142,hyperprolinemia,found,,no,863.0,yes,hyperprolinemia,0.98,3.0,863|3952|14496,hyperprolinemia || hyperheparinemia || hyperprolactinemia,,C3203346,hyperheparinemia
4,142,hyperprolinemia,found,,no,863.0,yes,hyperprolinemia,0.98,3.0,863|3952|14496,hyperprolinemia || hyperheparinemia || hyperprolactinemia,,C0020514,hyperprolactinemia
6,197,hyperparathyroidism,conflict,hyperparathyroidism|hypothyroidism,no,1370.0,yes,hyperparathyroidism,0.98,7.0,1370|11207|11451|11682|13574|14704|22403,hyperparathyroidism || hyperthyroidism || secondary hyperparathyroidism || hypothyroidism || hyperthyroxinemia || primary hyperparathyroidism || tertiary hyperparathyroidism,,C0020502,hyperparathyroidism
6,197,hyperparathyroidism,conflict,hyperparathyroidism|hypothyroidism,no,1370.0,yes,hyperparathyroidism,0.98,7.0,1370|11207|11451|11682|13574|14704|22403,hyperparathyroidism || hyperthyroidism || secondary hyperparathyroidism || hypothyroidism || hyperthyroxinemia || primary hyperparathyroidism || tertiary hyperparathyroidism,,C0020550,hyperthyroidism
6,197,hyperparathyroidism,conflict,hyperparathyroidism|hypothyroidism,no,1370.0,yes,hyperparathyroidism,0.98,7.0,1370|11207|11451|11682|13574|14704|22403,hyperparathyroidism || hyperthyroidism || secondary hyperparathyroidism || hypothyroidism || hyperthyroxinemia || primary hyperparathyroidism || tertiary hyperparathyroidism,,C0020503,secondary hyperparathyroidism
6,197,hyperparathyroidism,conflict,hyperparathyroidism|hypothyroidism,no,1370.0,yes,hyperparathyroidism,0.98,7.0,1370|11207|11451|11682|13574|14704|22403,hyperparathyroidism || hyperthyroidism || secondary hyperparathyroidism || hypothyroidism || hyperthyroxinemia || primary hyperparathyroidism || tertiary hyperparathyroidism,,C0020676,hypothyroidism
6,197,hyperparathyroidism,conflict,hyperparathyroidism|hypothyroidism,no,1370.0,yes,hyperparathyroidism,0.98,7.0,1370|11207|11451|11682|13574|14704|22403,hyperparathyroidism || hyperthyroidism || secondary hyperparathyroidism || hypothyroidism || hyperthyroxinemia || primary hyperparathyroidism || tertiary hyperparathyroidism,,C0020551,hyperthyroxinemia
6,197,hyperparathyroidism,conflict,hyperparathyroidism|hypothyroidism,no,1370.0,yes,hyperparathyroidism,0.98,7.0,1370|11207|11451|11682|13574|14704|22403,hyperparathyroidism || hyperthyroidism || secondary hyperparathyroidism || hypothyroidism || hyperthyroxinemia || primary hyperparathyroidism || tertiary hyperparathyroidism,,C0221002,primary hyperparathyroidism
6,197,hyperparathyroidism,conflict,hyperparathyroidism|hypothyroidism,no,1370.0,yes,hyperparathyroidism,0.98,7.0,1370|11207|11451|11682|13574|14704|22403,hyperparathyroidism || hyperthyroidism || secondary hyperparathyroidism || hypothyroidism || hyperthyroxinemia || primary hyperparathyroidism || tertiary hyperparathyroidism,,C0271858,tertiary hyperparathyroidism
7,243,mevalonic aciduria,missing,,no,1853.0,yes,mevalonic aciduria,0.98,2.0,1853|2705,mevalonic aciduria || urocanic aciduria,,C1959626,mevalonic aciduria
7,243,mevalonic aciduria,missing,,no,1853.0,yes,mevalonic aciduria,0.98,2.0,1853|2705,mevalonic aciduria || urocanic aciduria,,C0268514,urocanic aciduria
8,254,osteocraniostenosis,missing,,no,2033.0,yes,osteocraniostenosis,0.98,2.0,2033|10459,osteocraniostenosis || osteomyelitis,,C1865639,osteocraniostenosis
8,254,osteocraniostenosis,missing,,no,2033.0,yes,osteocraniostenosis,0.98,2.0,2033|10459,osteocraniostenosis || osteomyelitis,,C0029443,osteomyelitis
9,260,"hematuria, benign familial",missing,,no,2159.0,yes,"hematuria, benign familial",0.98,2.0,2159|5251,"hematuria, benign familial || chorea, benign familial",,C0241908,"hematuria, benign familial"
9,260,"hematuria, benign familial",missing,,no,2159.0,yes,"hematuria, benign familial",0.98,2.0,2159|5251,"hematuria, benign familial || chorea, benign familial",,C1859098,"chorea, benign familial"
10,265,"brain abnormalities, neurodegeneration, and dysosteosclerosis",missing,,no,2242.0,yes,"brain abnormalities, neurodegeneration, and dysosteosclerosis",0.98,2.0,2242|8048,"brain abnormalities, neurodegeneration, and dysosteosclerosis || fibrosis, neurodegeneration, and cerebral angiomatosis",,C5193117,"brain abnormalities, neurodegeneration, and dysosteosclerosis"
10,265,"brain abnormalities, neurodegeneration, and dysosteosclerosis",missing,,no,2242.0,yes,"brain abnormalities, neurodegeneration, and dysosteosclerosis",0.98,2.0,2242|8048,"brain abnormalities, neurodegeneration, and dysosteosclerosis || fibrosis, neurodegeneration, and cerebral angiomatosis",,C4748939,"fibrosis, neurodegeneration, and cerebral angiomatosis"
11,286,"Charcot-Marie-Tooth disease, axonal, autosomal recessive, type 2a2b;",found,,no,2534.0,yes,"Charcot-Marie-Tooth disease, axonal, autosomal recessive",0.98,2.0,2534|4628,"Charcot-Marie-Tooth disease, axonal, autosomal recessive, type 2a2b;",,C4310725,"Charcot-Marie-Tooth disease, axonal, autosomal recessive, type 2a2b;"
12,286,"Charcot-Marie-Tooth disease, axonal, autosomal recessive, type 2a2b;",found,,no,2534.0,yes,"Charcot-Marie-Tooth disease, axonal, autosomal recessive",0.98,2.0,2534|4628,"Charcot-Marie-Tooth disease, axonal, with vocal cord paresis, autosomal recessive",,C4729446,"Charcot-Marie-Tooth disease, axonal, with vocal cord paresis, autosomal recessive"
13,313,inflammatory poikiloderma with hair abnormalities and acral keratoses,missing,,no,3016.0,yes,inflammatory poikiloderma with hair abnormalities and acral keratoses,0.98,2.0,3016|17112,inflammatory poikiloderma with hair abnormalities and acral keratoses || focal palmoplantar keratoderma with joint keratoses,,C5774293,inflammatory poikiloderma with hair abnormalities and acral keratoses
13,313,inflammatory poikiloderma with hair abnormalities and acral keratoses,missing,,no,3016.0,yes,inflammatory poikiloderma with hair abnormalities and acral keratoses,0.98,2.0,3016|17112,inflammatory poikiloderma with hair abnormalities and acral keratoses || focal palmoplantar keratoderma with joint keratoses,,C4755302,focal palmoplantar keratoderma with joint keratoses
14,327,obsessive-compulsive disorder,found,,no,3184.0,yes,obsessive-compulsive disorder,0.98,2.0,3184|18387,obsessive-compulsive disorder || obsessive-compulsive personality disorder,,C0028768,obsessive-compulsive disorder
14,327,obsessive-compulsive disorder,found,,no,3184.0,yes,obsessive-compulsive disorder,0.98,2.0,3184|18387,obsessive-compulsive disorder || obsessive-compulsive personality disorder,,C0009595,obsessive-compulsive personality disorder
15,350,familial cylindromatosis,missing,,no,3542.0,yes,familial cylindromatosis,0.98,2.0,3542|13522,familial cylindromatosis || familial polycythemia,,C1851526,familial cylindromatosis
15,350,familial cylindromatosis,missing,,no,3542.0,yes,familial cylindromatosis,0.98,2.0,3542|13522,familial cylindromatosis || familial polycythemia,,C0152264,familial polycythemia
16,358,"dystonia, childhood-onset, with optic atrophy and basal ganglia abnormalities",missing,,no,3635.0,yes,"dystonia, childhood-onset, with optic atrophy and basal ganglia abnormalities",0.98,2.0,3635|24440,"dystonia, childhood-onset, with optic atrophy and basal ganglia abnormalities || neurodegeneration, infantile-onset, with optic atrophy and brain abnormalities",,C4310634,"dystonia, childhood-onset, with optic atrophy and basal ganglia abnormalities"
16,358,"dystonia, childhood-onset, with optic atrophy and basal ganglia abnormalities",missing,,no,3635.0,yes,"dystonia, childhood-onset, with optic atrophy and basal ganglia abnormalities",0.98,2.0,3635|24440,"dystonia, childhood-onset, with optic atrophy and basal ganglia abnormalities || neurodegeneration, infantile-onset, with optic atrophy and brain abnormalities",,C5975477,"neurodegeneration, infantile-onset, with optic atrophy and brain abnormalities"
17,370,MEGF10-related myopathy,missing,,no,3973.0,yes,MEGF10-related myopathy,0.98,2.0,3973|5172,MEGF10-related myopathy || MEGF8-related Carpenter syndrome,,not found,MEGF10-related myopathy
17,370,MEGF10-related myopathy,missing,,no,3973.0,yes,MEGF10-related myopathy,0.98,2.0,3973|5172,MEGF10-related myopathy || MEGF8-related Carpenter syndrome,,not found,MEGF8-related Carpenter syndrome
18,380,craniofacial dyssynostosis,missing,,no,4127.0,yes,craniofacial dyssynostosis,0.98,2.0,4127|13601,craniofacial dyssynostosis || craniofacial dystonia,,C1857511,craniofacial dyssynostosis
18,380,craniofacial dyssynostosis,missing,,no,4127.0,yes,craniofacial dyssynostosis,0.98,2.0,4127|13601,craniofacial dyssynostosis || craniofacial dystonia,,C4023011,craniofacial dystonia
19,381,"ptosis, hereditary congenital",found,,no,4131.0,yes,"ptosis, hereditary congenital",0.98,2.0,4131|5037,"ptosis, hereditary congenital || facial paresis, hereditary congenital",,C1867438,"ptosis, hereditary congenital"
19,381,"ptosis, hereditary congenital",found,,no,4131.0,yes,"ptosis, hereditary congenital",0.98,2.0,4131|5037,"ptosis, hereditary congenital || facial paresis, hereditary congenital",,C1858717,"facial paresis, hereditary congenital"
20,384,neuroferritinopathy,missing,,no,4253.0,yes,neuroferritinopathy,0.98,2.0,4253|10825,neuroferritinopathy || neurocristopathy,,C1853578,neuroferritinopathy
20,384,neuroferritinopathy,missing,,no,4253.0,yes,neuroferritinopathy,0.98,2.0,4253|10825,neuroferritinopathy || neurocristopathy,,not found,neurocristopathy
21,429,familial visceral amyloidosis,missing,,no,5418.0,yes,familial visceral amyloidosis,0.98,2.0,5418|9279,familial visceral amyloidosis || familial visceral myopathy,,C0268389,familial visceral amyloidosis
21,429,familial visceral amyloidosis,missing,,no,5418.0,yes,familial visceral amyloidosis,0.98,2.0,5418|9279,familial visceral amyloidosis || familial visceral myopathy,,C0266833,familial visceral myopathy
22,435,CBL-related disorder,missing,,no,5581.0,yes,CBL-related disorder,0.98,2.0,5581|13688,CBL-related disorder || CTSC-related disorder,,not found,CBL-related disorder
22,435,CBL-related disorder,missing,,no,5581.0,yes,CBL-related disorder,0.98,2.0,5581|13688,CBL-related disorder || CTSC-related disorder,,not found,CTSC-related disorder
23,444,Pick disease,missing,,no,5886.0,yes,Pick disease,0.98,2.0,5886|6707,Pick disease || Coats disease,,C0236642,Pick disease
23,444,Pick disease,missing,,no,5886.0,yes,Pick disease,0.98,2.0,5886|6707,Pick disease || Coats disease,,C0154832,Coats disease
24,485,osteoporosis,missing,,no,6911.0,yes,osteoporosis,0.98,2.0,6911|13614,osteoporosis || osteopetrosis,,C0029456,osteoporosis
24,485,osteoporosis,missing,,no,6911.0,yes,osteoporosis,0.98,2.0,6911|13614,osteoporosis || osteopetrosis,,C0029454,osteopetrosis
25,557,yellow fever,missing,,no,8678.0,yes,yellow fever,0.98,2.0,8678|10686,yellow fever || spotted fever,,C0043395,yellow fever
25,557,yellow fever,missing,,no,8678.0,yes,yellow fever,0.98,2.0,8678|10686,yellow fever || spotted fever,,C0038041,spotted fever
26,578,cystinosis,missing,,no,8840.0,yes,cystinosis,0.98,2.0,8840|10848,cystinosis || cystitis,,C4316899,cystinosis
26,578,cystinosis,missing,,no,8840.0,yes,cystinosis,0.98,2.0,8840|10848,cystinosis || cystitis,,C0010692,cystitis
27,584,idiopathic pulmonary fibrosis,missing,,no,8920.0,yes,idiopathic pulmonary fibrosis,0.98,3.0,8920|21445|25382,"idiopathic pulmonary fibrosis || idiopathic pulmonary artery dilatation || idiopathic pulmonary fibrosis, dog",,C1800706,idiopathic pulmonary fibrosis
27,584,idiopathic pulmonary fibrosis,missing,,no,8920.0,yes,idiopathic pulmonary fibrosis,0.98,3.0,8920|21445|25382,"idiopathic pulmonary fibrosis || idiopathic pulmonary artery dilatation || idiopathic pulmonary fibrosis, dog",,C1384816,idiopathic pulmonary artery dilatation
27,584,idiopathic pulmonary fibrosis,missing,,no,8920.0,yes,idiopathic pulmonary fibrosis,0.98,3.0,8920|21445|25382,"idiopathic pulmonary fibrosis || idiopathic pulmonary artery dilatation || idiopathic pulmonary fibrosis, dog",,not found,"idiopathic pulmonary fibrosis, dog"
28,586,pleomorphic liposarcoma,missing,,no,8963.0,yes,pleomorphic liposarcoma,0.98,3.0,8963|15533|17277,pleomorphic liposarcoma || pleomorphic carcinoma || pleomorphic lipoma,,C0205825,pleomorphic liposarcoma
28,586,pleomorphic liposarcoma,missing,,no,8963.0,yes,pleomorphic liposarcoma,0.98,3.0,8963|15533|17277,pleomorphic liposarcoma || pleomorphic carcinoma || pleomorphic lipoma,,C0334233,pleomorphic carcinoma
28,586,pleomorphic liposarcoma,missing,,no,8963.0,yes,pleomorphic liposarcoma,0.98,3.0,8963|15533|17277,pleomorphic liposarcoma || pleomorphic carcinoma || pleomorphic lipoma,,C0205823,pleomorphic lipoma
29,594,bullous lichen planus,conflict,lichen myxedematosus|lichen planus,no,9054.0,yes,bullous lichen planus,0.98,4.0,9054|21611|21612|22119,bullous lichen planus || linear lichen planus || actinic lichen planus || nodular lichen myxedematosus,,C0023648,bullous lichen planus
29,594,bullous lichen planus,conflict,lichen myxedematosus|lichen planus,no,9054.0,yes,bullous lichen planus,0.98,4.0,9054|21611|21612|22119,bullous lichen planus || linear lichen planus || actinic lichen planus || nodular lichen myxedematosus,,C0023650,linear lichen planus
29,594,bullous lichen planus,conflict,lichen myxedematosus|lichen planus,no,9054.0,yes,bullous lichen planus,0.98,4.0,9054|21611|21612|22119,bullous lichen planus || linear lichen planus || actinic lichen planus || nodular lichen myxedematosus,,C0406365,actinic lichen planus
29,594,bullous lichen planus,conflict,lichen myxedematosus|lichen planus,no,9054.0,yes,bullous lichen planus,0.98,4.0,9054|21611|21612|22119,bullous lichen planus || linear lichen planus || actinic lichen planus || nodular lichen myxedematosus,,C4273968,nodular lichen myxedematosus
30,599,lichen amyloidosis,found,,no,9104.0,yes,lichen amyloidosis,0.98,2.0,9104|14637,lichen amyloidosis || lichen myxedematosus,,C5779561,lichen amyloidosis
30,599,lichen amyloidosis,found,,no,9104.0,yes,lichen amyloidosis,0.98,2.0,9104|14637,lichen amyloidosis || lichen myxedematosus,,C5848049,lichen myxedematosus
31,661,familial melanoma,missing,,no,9855.0,yes,familial melanoma,0.98,2.0,9855|22833,familial melanoma || familial prostate carcinoma,,C2314896,familial melanoma
31,661,familial melanoma,missing,,no,9855.0,yes,familial melanoma,0.98,2.0,9855|22833,familial melanoma || familial prostate carcinoma,,not found,familial prostate carcinoma
32,737,anemia,missing,,no,10504.0,yes,anemia,0.98,2.0,10504|16531,anemia || anuria,,C0002871,anemia
32,737,anemia,missing,,no,10504.0,yes,anemia,0.98,2.0,10504|16531,anemia || anuria,,C0003460,anuria
33,757,hereditary skin disorder,missing,,no,10602.0,yes,hereditary skin disorder,0.98,3.0,10602|10672|10927,hereditary skin disorder || hereditary skeletal muscle disorder || inherited kidney disorder,,C4511297,hereditary skin disorder
33,757,hereditary skin disorder,missing,,no,10602.0,yes,hereditary skin disorder,0.98,3.0,10602|10672|10927,hereditary skin disorder || hereditary skeletal muscle disorder || inherited kidney disorder,,not found,hereditary skeletal muscle disorder
33,757,hereditary skin disorder,missing,,no,10602.0,yes,hereditary skin disorder,0.98,3.0,10602|10672|10927,hereditary skin disorder || hereditary skeletal muscle disorder || inherited kidney disorder,,not found,inherited kidney disorder
34,759,liver failure,missing,,no,10610.0,yes,liver failure,0.98,2.0,10610|11890,liver failure || kidney failure,,C0085605,liver failure
34,759,liver failure,missing,,no,10610.0,yes,liver failure,0.98,2.0,10610|11890,liver failure || kidney failure,,C0035078,kidney failure
35,769,skeletal system disorder,missing,,no,10644.0,yes,skeletal system disorder,0.98,3.0,10644|10839|10925,skeletal system disorder || skeletal muscle disorder || immune system disorder,,C0263661,skeletal system disorder
35,769,skeletal system disorder,missing,,no,10644.0,yes,skeletal system disorder,0.98,3.0,10644|10839|10925,skeletal system disorder || skeletal muscle disorder || immune system disorder,,C0026848,skeletal muscle disorder
35,769,skeletal system disorder,missing,,no,10644.0,yes,skeletal system disorder,0.98,3.0,10644|10839|10925,skeletal system disorder || skeletal muscle disorder || immune system disorder,,C0021053,immune system disorder
36,784,tonsillitis,missing,,no,10710.0,yes,tonsillitis,0.98,2.0,10710|11559,tonsillitis || mastitis,,C0040425,tonsillitis
36,784,tonsillitis,missing,,no,10710.0,yes,tonsillitis,0.98,2.0,10710|11559,tonsillitis || mastitis,,C0024894,mastitis
37,794,liver disorder,missing,,no,10730.0,yes,liver disorder,0.98,2.0,10730|11209,liver disorder || kidney disorder,,C0023895,liver disorder
37,794,liver disorder,missing,,no,10730.0,yes,liver disorder,0.98,2.0,10730|11209,liver disorder || kidney disorder,,C0022658,kidney disorder
38,849,congenital anemia,missing,,no,11023.0,yes,congenital anemia,0.98,3.0,10628|11023|15343,congenital heart disease || congenital anemia || congenital acardia,,C0152021,congenital heart disease
38,849,congenital anemia,missing,,no,11023.0,yes,congenital anemia,0.98,3.0,10628|11023|15343,congenital heart disease || congenital anemia || congenital acardia,,C0158995,congenital anemia
38,849,congenital anemia,missing,,no,11023.0,yes,congenital anemia,0.98,3.0,10628|11023|15343,congenital heart disease || congenital anemia || congenital acardia,,not found,congenital acardia
39,908,parathyroid gland disorder,missing,,no,11271.0,yes,parathyroid gland disorder,0.98,3.0,11207|11271|11449,hyperthyroidism || parathyroid gland disorder || thyroid gland disorder,,C0020550,hyperthyroidism
39,908,parathyroid gland disorder,missing,,no,11271.0,yes,parathyroid gland disorder,0.98,3.0,11207|11271|11449,hyperthyroidism || parathyroid gland disorder || thyroid gland disorder,,C0030517,parathyroid gland disorder
39,908,parathyroid gland disorder,missing,,no,11271.0,yes,parathyroid gland disorder,0.98,3.0,11207|11271|11449,hyperthyroidism || parathyroid gland disorder || thyroid gland disorder,,C0040128,thyroid gland disorder
40,920,inherited thyroid metabolism disease,missing,,no,11340.0,yes,inherited thyroid metabolism disease,0.98,2.0,10672|11340,hereditary skeletal muscle disorder || inherited thyroid metabolism disease,,not found,hereditary skeletal muscle disorder
40,920,inherited thyroid metabolism disease,missing,,no,11340.0,yes,inherited thyroid metabolism disease,0.98,2.0,10672|11340,hereditary skeletal muscle disorder || inherited thyroid metabolism disease,,not found,inherited thyroid metabolism disease
41,1064,chronic endometritis,conflict,endometritis|gastritis,no,12157.0,yes,chronic endometritis,0.98,3.0,12157|12671|13290,chronic endometritis || endometritis || chronic gastritis,,C0238104,chronic endometritis
41,1064,chronic endometritis,conflict,endometritis|gastritis,no,12157.0,yes,chronic endometritis,0.98,3.0,12157|12671|13290,chronic endometritis || endometritis || chronic gastritis,,C0014179,endometritis
41,1064,chronic endometritis,conflict,endometritis|gastritis,no,12157.0,yes,chronic endometritis,0.98,3.0,12157|12671|13290,chronic endometritis || endometritis || chronic gastritis,,C0085695,chronic gastritis
42,1121,thymus gland disorder,missing,,no,12499.0,yes,thymus gland disorder,0.98,2.0,11449|12499,thyroid gland disorder || thymus gland disorder,,C0040128,thyroid gland disorder
42,1121,thymus gland disorder,missing,,no,12499.0,yes,thymus gland disorder,0.98,2.0,11449|12499,thyroid gland disorder || thymus gland disorder,,C0154199,thymus gland disorder
43,1210,pneumococcal infection,missing,,no,13127.0,yes,pneumococcal infection,0.98,3.0,13127|14940|16731,pneumococcal infection || Pneumocystis infectious disease || pneumococcal meningitis,,C0032269,pneumococcal infection
43,1210,pneumococcal infection,missing,,no,13127.0,yes,pneumococcal infection,0.98,3.0,13127|14940|16731,pneumococcal infection || Pneumocystis infectious disease || pneumococcal meningitis,,not found,Pneumocystis infectious disease
43,1210,pneumococcal infection,missing,,no,13127.0,yes,pneumococcal infection,0.98,3.0,13127|14940|16731,pneumococcal infection || Pneumocystis infectious disease || pneumococcal meningitis,,C0025295,pneumococcal meningitis
44,1229,familial hemolytic anemia,missing,,no,13252.0,yes,familial hemolytic anemia,0.98,3.0,13252|13522|14329,familial hemolytic anemia || familial polycythemia || familial hyperinsulinism,,C1387536,familial hemolytic anemia
44,1229,familial hemolytic anemia,missing,,no,13252.0,yes,familial hemolytic anemia,0.98,3.0,13252|13522|14329,familial hemolytic anemia || familial polycythemia || familial hyperinsulinism,,C0152264,familial polycythemia
44,1229,familial hemolytic anemia,missing,,no,13252.0,yes,familial hemolytic anemia,0.98,3.0,13252|13522|14329,familial hemolytic anemia || familial polycythemia || familial hyperinsulinism,,C3888018,familial hyperinsulinism
45,1251,hereditary ataxia,missing,,no,13412.0,yes,hereditary ataxia,0.98,3.0,13412|13803|14214,hereditary ataxia || hereditary anemia || hereditary dementia,,C0004138,hereditary ataxia
45,1251,hereditary ataxia,missing,,no,13412.0,yes,hereditary ataxia,0.98,3.0,13412|13803|14214,hereditary ataxia || hereditary anemia || hereditary dementia,,C0850672,hereditary anemia
45,1251,hereditary ataxia,missing,,no,13412.0,yes,hereditary ataxia,0.98,3.0,13412|13803|14214,hereditary ataxia || hereditary anemia || hereditary dementia,,C0338451,hereditary dementia
46,1371,pulmonary valve agenesis,found,,no,14566.0,yes,pulmonary valve agenesis,0.98,2.0,14566|17118,pulmonary valve agenesis || pulmonary agenesis,,C0265831,pulmonary valve agenesis
46,1371,pulmonary valve agenesis,found,,no,14566.0,yes,pulmonary valve agenesis,0.98,2.0,14566|17118,pulmonary valve agenesis || pulmonary agenesis,,C0265780,pulmonary agenesis
47,1380,caveolinopathy,missing,,no,14678.0,yes,caveolinopathy,0.98,2.0,14678|14914,caveolinopathy || tubulinopathy,,C5679790,caveolinopathy
47,1380,caveolinopathy,missing,,no,14678.0,yes,caveolinopathy,0.98,2.0,14678|14914,caveolinopathy || tubulinopathy,,C5568850,tubulinopathy
48,1381,infectious myositis,missing,,no,14679.0,yes,infectious myositis,0.98,5.0,14679|14945|16581|21498|21685,infectious myositis || bacterial myositis || viral myocarditis || viral myositis || infectious panuveitis,,C0158353,infectious myositis
48,1381,infectious myositis,missing,,no,14679.0,yes,infectious myositis,0.98,5.0,14679|14945|16581|21498|21685,infectious myositis || bacterial myositis || viral myocarditis || viral myositis || infectious panuveitis,,C0263979,bacterial myositis
48,1381,infectious myositis,missing,,no,14679.0,yes,infectious myositis,0.98,5.0,14679|14945|16581|21498|21685,infectious myositis || bacterial myositis || viral myocarditis || viral myositis || infectious panuveitis,,C0276138,viral myocarditis
48,1381,infectious myositis,missing,,no,14679.0,yes,infectious myositis,0.98,5.0,14679|14945|16581|21498|21685,infectious myositis || bacterial myositis || viral myocarditis || viral myositis || infectious panuveitis,,C0150005,viral myositis
48,1381,infectious myositis,missing,,no,14679.0,yes,infectious myositis,0.98,5.0,14679|14945|16581|21498|21685,infectious myositis || bacterial myositis || viral myocarditis || viral myositis || infectious panuveitis,,C5230354,infectious panuveitis
50,1495,collagenous colitis,missing,,no,16661.0,yes,collagenous colitis,0.98,2.0,16661|23359,collagenous colitis || collagenous gastritis,,C0238067,collagenous colitis
50,1495,collagenous colitis,missing,,no,16661.0,yes,collagenous colitis,0.98,2.0,16661|23359,collagenous colitis || collagenous gastritis,,C4040043,collagenous gastritis
52,1501,toxic labyrinthitis,missing,,no,15759.0,pending,name decided later,0.98,3.0,15759|17741|19050,toxic labyrinthitis,,C0155507,toxic labyrinthitis
53,1501,toxic labyrinthitis,missing,,no,15759.0,pending,name decided later,0.98,3.0,15759|17741|19050,toxic optic neuropathy,,C0155303,toxic optic neuropathy
54,1501,toxic labyrinthitis,missing,,no,15759.0,pending,name decided later,0.98,3.0,15759|17741|19050,toxic maculopathy,,C0271086,toxic maculopathy
55,1518,mastoiditis,missing,,no,16852.0,yes,mastoiditis,0.98,2.0,11559|16852,mastitis || mastoiditis,,C0024894,mastitis
55,1518,mastoiditis,missing,,no,16852.0,yes,mastoiditis,0.98,2.0,11559|16852,mastitis || mastoiditis,,C0024904,mastoiditis
57,1587,pulmonary sarcoidosis,missing,,no,17641.0,yes,pulmonary sarcoidosis,0.98,4.0,17641|17874|18640|23892,pulmonary sarcoidosis || cardiac sarcoidosis || cerebral sarcoidosis || pulmonary amyloidosis,,C0036205,pulmonary sarcoidosis
57,1587,pulmonary sarcoidosis,missing,,no,17641.0,yes,pulmonary sarcoidosis,0.98,4.0,17641|17874|18640|23892,pulmonary sarcoidosis || cardiac sarcoidosis || cerebral sarcoidosis || pulmonary amyloidosis,,C0392077,cardiac sarcoidosis
57,1587,pulmonary sarcoidosis,missing,,no,17641.0,yes,pulmonary sarcoidosis,0.98,4.0,17641|17874|18640|23892,pulmonary sarcoidosis || cardiac sarcoidosis || cerebral sarcoidosis || pulmonary amyloidosis,,C0398676,cerebral sarcoidosis
57,1587,pulmonary sarcoidosis,missing,,no,17641.0,yes,pulmonary sarcoidosis,0.98,4.0,17641|17874|18640|23892,pulmonary sarcoidosis || cardiac sarcoidosis || cerebral sarcoidosis || pulmonary amyloidosis,,C0700376,pulmonary amyloidosis
58,1591,atrophy of testis,missing,,no,17652.0,yes,atrophy of testis,0.98,2.0,17652|17789,atrophy of testis || atrophy of thyroid,,C0156312,atrophy of testis
58,1591,atrophy of testis,missing,,no,17652.0,yes,atrophy of testis,0.98,2.0,17652|17789,atrophy of testis || atrophy of thyroid,,C2981141,atrophy of thyroid
59,1603,bladder sarcoma,missing,,no,17864.0,yes,bladder sarcoma,0.98,4.0,12010|12077|17864|18485,kidney sarcoma || breast sarcoma || bladder sarcoma || bladder lymphoma,,C0346251,kidney sarcoma
59,1603,bladder sarcoma,missing,,no,17864.0,yes,bladder sarcoma,0.98,4.0,12010|12077|17864|18485,kidney sarcoma || breast sarcoma || bladder sarcoma || bladder lymphoma,,C0349667,breast sarcoma
59,1603,bladder sarcoma,missing,,no,17864.0,yes,bladder sarcoma,0.98,4.0,12010|12077|17864|18485,kidney sarcoma || breast sarcoma || bladder sarcoma || bladder lymphoma,,C0349666,bladder sarcoma
59,1603,bladder sarcoma,missing,,no,17864.0,yes,bladder sarcoma,0.98,4.0,12010|12077|17864|18485,kidney sarcoma || breast sarcoma || bladder sarcoma || bladder lymphoma,,C1332561,bladder lymphoma
60,1699,leukorrhea,missing,,no,19001.0,yes,leukorrhea,0.98,2.0,17179|19001,leukostasis || leukorrhea,,C0282548,leukostasis
60,1699,leukorrhea,missing,,no,19001.0,yes,leukorrhea,0.98,2.0,17179|19001,leukostasis || leukorrhea,,C0023533,leukorrhea
61,1712,epithelioid neurofibroma,missing,,no,19174.0,yes,epithelioid neurofibroma,0.98,2.0,19174|23442,epithelioid neurofibroma || epithelioid cell nevus,,C1275264,epithelioid neurofibroma
61,1712,epithelioid neurofibroma,missing,,no,19174.0,yes,epithelioid neurofibroma,0.98,2.0,19174|23442,epithelioid neurofibroma || epithelioid cell nevus,,C0259820,epithelioid cell nevus
62,1723,breast liposarcoma,found,,no,19282.0,yes,breast liposarcoma,0.98,6.0,10513|12077|12673|18304|19280|19282,breast carcinoma || breast sarcoma || breast adenoma || breast lipoma || kidney liposarcoma || breast liposarcoma,,C0678222,breast carcinoma
62,1723,breast liposarcoma,found,,no,19282.0,yes,breast liposarcoma,0.98,6.0,10513|12077|12673|18304|19280|19282,breast carcinoma || breast sarcoma || breast adenoma || breast lipoma || kidney liposarcoma || breast liposarcoma,,C0349667,breast sarcoma
62,1723,breast liposarcoma,found,,no,19282.0,yes,breast liposarcoma,0.98,6.0,10513|12077|12673|18304|19280|19282,breast carcinoma || breast sarcoma || breast adenoma || breast lipoma || kidney liposarcoma || breast liposarcoma,,C1328385,breast adenoma
62,1723,breast liposarcoma,found,,no,19282.0,yes,breast liposarcoma,0.98,6.0,10513|12077|12673|18304|19280|19282,breast carcinoma || breast sarcoma || breast adenoma || breast lipoma || kidney liposarcoma || breast liposarcoma,,C0349565,breast lipoma
62,1723,breast liposarcoma,found,,no,19282.0,yes,breast liposarcoma,0.98,6.0,10513|12077|12673|18304|19280|19282,breast carcinoma || breast sarcoma || breast adenoma || breast lipoma || kidney liposarcoma || breast liposarcoma,,C1335745,kidney liposarcoma
62,1723,breast liposarcoma,found,,no,19282.0,yes,breast liposarcoma,0.98,6.0,10513|12077|12673|18304|19280|19282,breast carcinoma || breast sarcoma || breast adenoma || breast lipoma || kidney liposarcoma || breast liposarcoma,,C1332632,breast liposarcoma
63,1805,antigen defined by monoclonal antibody Aj9,missing,,no,20489.0,yes,antigen defined by monoclonal antibody Aj9,0.98,2.0,20489|20490,antigen defined by monoclonal antibody Aj9 || antigen defined by monoclonal antibody T87,,C1834757,antigen defined by monoclonal antibody Aj9
63,1805,antigen defined by monoclonal antibody Aj9,missing,,no,20489.0,yes,antigen defined by monoclonal antibody Aj9,0.98,2.0,20489|20490,antigen defined by monoclonal antibody Aj9 || antigen defined by monoclonal antibody T87,,C1834756,antigen defined by monoclonal antibody T87
64,1915,mixed phenotype acute leukemia with t(9;22)(q34.1;q11.2),missing,,no,22151.0,pending,name decided later,0.98,6.0,22151|22152|22541|22548|22560|23054,mixed phenotype acute leukemia with t(9;22)(q34.1;q11.2),,C2826037,mixed phenotype acute leukemia with t(9;22)(q34.1;q11.2)
65,1915,mixed phenotype acute leukemia with t(9;22)(q34.1;q11.2),missing,,no,22151.0,pending,name decided later,0.98,6.0,22151|22152|22541|22548|22560|23054,mixed phenotype acute leukemia with t(v;11q23.3),,C2826048,mixed phenotype acute leukemia with t(v;11q23.3)
66,1915,mixed phenotype acute leukemia with t(9;22)(q34.1;q11.2),missing,,no,22151.0,pending,name decided later,0.98,6.0,22151|22152|22541|22548|22560|23054,"acute myeloid leukemia, t(10;11)(p11.2;q23)",,not found,"acute myeloid leukemia, t(10;11)(p11.2;q23)"
67,1915,mixed phenotype acute leukemia with t(9;22)(q34.1;q11.2),missing,,no,22151.0,pending,name decided later,0.98,6.0,22151|22152|22541|22548|22560|23054,"acute myeloid leukemia, t(11;19)(q23.3;p13.3)",,C5855195,"acute myeloid leukemia, t(11;19)(q23.3;p13.3)"
68,1915,mixed phenotype acute leukemia with t(9;22)(q34.1;q11.2),missing,,no,22151.0,pending,name decided later,0.98,6.0,22151|22152|22541|22548|22560|23054,"acute myeloid leukemia, t(9;22)(q34.1;q11.2)",,C4329268,"acute myeloid leukemia, t(9;22)(q34.1;q11.2)"
69,1915,mixed phenotype acute leukemia with t(9;22)(q34.1;q11.2),missing,,no,22151.0,pending,name decided later,0.98,6.0,22151|22152|22541|22548|22560|23054,"acute myeloid leukemia, t(8;21)(q22; q22.1)",,C2347540,"acute myeloid leukemia, t(8;21)(q22; q22.1)"
71,1936,"acute myeloid leukemia, inv(16)(p13.1;q22)",missing,,no,22536.0,pending,name decided later,0.98,4.0,22536|22537|22561|22568,"acute myeloid leukemia, inv(3)(q21.3;q26.2)",,C4053754,"acute myeloid leukemia, inv(3)(q21.3;q26.2)"
72,1936,"acute myeloid leukemia, inv(16)(p13.1;q22)",missing,,no,22536.0,pending,name decided later,0.98,4.0,22536|22537|22561|22568,"acute myeloid leukemia, inv(16)(p13.3;q24.3)",,not found,"acute myeloid leukemia, inv(16)(p13.3;q24.3)"
73,1937,"acute myeloid leukemia, t(15;17)(q24;q21)",missing,,no,22538.0,pending,name decided later,0.98,26.0,20385|20990|20991|22537|22538|22539|22540|22541|22542|22543|22544|22545|22546|22547|22548|22558|22559|22560|22562|22563|22569|22570|22571|22572|23054|23055,"acute myeloid leukemia, t(15;17)(q24;q21) [+ 25 others]",,not found,"acute myeloid leukemia, t(15;17)(q24;q21) [+ 25 others]"
74,1938,"acute myeloid leukemia, t(v;11q23.3)",missing,,no,22549.0,pending,name decided later,0.98,6.0,20991|22540|22545|22547|22549|22563,"acute myeloid leukemia with t(9;11)(p22;q23) || acute myeloid leukemia, t(10;11)(p12;q23) || acute myeloid leukemia, t(6;9)(p23;q34.1) || acute myeloid leukemia, t(11;19)(q23;p13.1) || acute myeloid leukemia, t(v;11q23.3) || acute myeloid leukemia, t(3;12)(q23;p12.3)",,C2919692,acute myeloid leukemia with t(9;11)(p22;q23)
74,1938,"acute myeloid leukemia, t(v;11q23.3)",missing,,no,22549.0,pending,name decided later,0.98,6.0,20991|22540|22545|22547|22549|22563,"acute myeloid leukemia with t(9;11)(p22;q23) || acute myeloid leukemia, t(10;11)(p12;q23) || acute myeloid leukemia, t(6;9)(p23;q34.1) || acute myeloid leukemia, t(11;19)(q23;p13.1) || acute myeloid leukemia, t(v;11q23.3) || acute myeloid leukemia, t(3;12)(q23;p12.3)",,not found,"acute myeloid leukemia, t(10;11)(p12;q23)"
74,1938,"acute myeloid leukemia, t(v;11q23.3)",missing,,no,22549.0,pending,name decided later,0.98,6.0,20991|22540|22545|22547|22549|22563,"acute myeloid leukemia with t(9;11)(p22;q23) || acute myeloid leukemia, t(10;11)(p12;q23) || acute myeloid leukemia, t(6;9)(p23;q34.1) || acute myeloid leukemia, t(11;19)(q23;p13.1) || acute myeloid leukemia, t(v;11q23.3) || acute myeloid leukemia, t(3;12)(q23;p12.3)",,not found,"acute myeloid leukemia, t(6;9)(p23;q34.1)"
74,1938,"acute myeloid leukemia, t(v;11q23.3)",missing,,no,22549.0,pending,name decided later,0.98,6.0,20991|22540|22545|22547|22549|22563,"acute myeloid leukemia with t(9;11)(p22;q23) || acute myeloid leukemia, t(10;11)(p12;q23) || acute myeloid leukemia, t(6;9)(p23;q34.1) || acute myeloid leukemia, t(11;19)(q23;p13.1) || acute myeloid leukemia, t(v;11q23.3) || acute myeloid leukemia, t(3;12)(q23;p12.3)",,not found,"acute myeloid leukemia, t(11;19)(q23;p13.1)"
74,1938,"acute myeloid leukemia, t(v;11q23.3)",missing,,no,22549.0,pending,name decided later,0.98,6.0,20991|22540|22545|22547|22549|22563,"acute myeloid leukemia with t(9;11)(p22;q23) || acute myeloid leukemia, t(10;11)(p12;q23) || acute myeloid leukemia, t(6;9)(p23;q34.1) || acute myeloid leukemia, t(11;19)(q23;p13.1) || acute myeloid leukemia, t(v;11q23.3) || acute myeloid leukemia, t(3;12)(q23;p12.3)",,not found,"acute myeloid leukemia, t(v;11q23.3)"
74,1938,"acute myeloid leukemia, t(v;11q23.3)",missing,,no,22549.0,pending,name decided later,0.98,6.0,20991|22540|22545|22547|22549|22563,"acute myeloid leukemia with t(9;11)(p22;q23) || acute myeloid leukemia, t(10;11)(p12;q23) || acute myeloid leukemia, t(6;9)(p23;q34.1) || acute myeloid leukemia, t(11;19)(q23;p13.1) || acute myeloid leukemia, t(v;11q23.3) || acute myeloid leukemia, t(3;12)(q23;p12.3)",,not found,"acute myeloid leukemia, t(3;12)(q23;p12.3)"
75,1941,"acute myeloid leukemia, t(2;12)",missing,,no,22554.0,pending,name decided later,0.98,4.0,22554|22555|22556|22557,"acute myeloid leukemia, t(2;12)",,not found,"acute myeloid leukemia, t(2;12)"
76,1941,"acute myeloid leukemia, t(2;12)",missing,,no,22554.0,pending,name decided later,0.98,4.0,22554|22555|22556|22557,"acute myeloid leukemia, t(11;17)",,C2825129,"acute myeloid leukemia, t(11;17)"
77,1941,"acute myeloid leukemia, t(2;12)",missing,,no,22554.0,pending,name decided later,0.98,4.0,22554|22555|22556|22557,"acute myeloid leukemia, t(8;16)",,C4511003,"acute myeloid leukemia, t(8;16)"
78,1941,"acute myeloid leukemia, t(2;12)",missing,,no,22554.0,pending,name decided later,0.98,4.0,22554|22555|22556|22557,"acute myeloid leukemia, t(1;22)",,C4706584,"acute myeloid leukemia, t(1;22)"
